코드,자격증명
-1,모름/무응답
1000100,가맹거래사
1000200,가축인공수정사
1000300,간호사
1000400,간호조무사
1000500,감정사
1000600,감정평가사
1000700,건축사
1000800,건축사(예비)
1000900,검량사
1001000,검수사
1001100,경기지도사
1001200,경매사(수산)
1001300,경매사(약용)
1001400,경매사(양곡)
1001500,경매사(청과)
1001600,경매사(축산)
1001700,경매사(화훼)
1001800,경영지도사(1차공통)
1001900,경영지도사(마케팅)
1002000,경영지도사(생산관리)
1002100,경영지도사(인적자원관리)
1002200,경영지도사(재무관리)
1002300,경주선수
1002400,경주심판
1002500,공인노무사
1002600,공인중개사
1002700,공인회계사
1002800,관광통역안내사(독어)
1002900,관광통역안내사(러시아어)
1003000,관광통역안내사(말레이/인도네시아어)
1003100,관광통역안내사(베트남어)
1003200,관광통역안내사(불어)
1003300,관광통역안내사(스페인어)
1003400,관광통역안내사(아랍어)
1003500,관광통역안내사(영어)
1003600,관광통역안내사(이탈리아어)
1003700,관광통역안내사(일본어)
1003800,관광통역안내사(중국어)
1003900,관광통역안내사(태국어)
1004000,관세사
1004100,교통안전관리자
1004200,구명정수
1004300,국내여행안내사
1004400,기계경비지도사
1004500,기관사
1004600,기술지도사(1차공통)
1004700,기술지도사(금속)
1004800,기술지도사(기계)
1004900,기술지도사(생명공학)
1005000,기술지도사(생산관리)
1005100,기술지도사(섬유)
1005200,기술지도사(전기전자)
1005300,기술지도사(정보처리)
1005400,기술지도사(화공)
1005500,기술지도사(환경)
1005600,농산물검사원
1005700,농산물품질관리사
1005800,도선사
1005900,동력수상레저기구조종면허
1006000,무대예술전문인
1006100,무선통신사
1006200,문화재수리기능자(가공석공)
1006300,문화재수리기능자(대목수)
1006400,문화재수리기능자(도금공)
1006500,문화재수리기능자(드잡이공)
1006600,문화재수리기능자(목조각공)
1006700,문화재수리기능자(박제및표본제작공)
1006800,문화재수리기능자(번와와공)
1006900,문화재수리기능자(보존처리공)
1007000,문화재수리기능자(석조각공)
1007100,문화재수리기능자(세척공)
1007200,문화재수리기능자(소목수)
1007300,문화재수리기능자(식물보호공)
1007400,문화재수리기능자(실측설계사보)
1007500,문화재수리기능자(쌓기석공)
1007600,문화재수리기능자(제작와공)
1007700,문화재수리기능자(조경공)
1007800,문화재수리기능자(철물공)
1007900,문화재수리기능자(칠공)
1008000,문화재수리기능자(표구공)
1008100,문화재수리기능자(한식미장공)
1008200,문화재수리기능자(화공)
1008300,문화재수리기능자(훈증공)
1008400,문화재수리기술자(단청)
1008500,문화재수리기술자(보수)
1008600,문화재수리기술자(보존과학)
1008700,문화재수리기술자(식물보호)
1008800,문화재수리기술자(실측설계)
1008900,문화재수리기술자(조경)
1009000,물류관리사
1009100,물리치료사
1009200,박물관및미술관준학예사
1009300,방사선사
1009400,방사선취급감독자면허
1009500,방사성동위원소취급자일반면허
1009600,방사성동위원소취급자특수면허
1009700,법무사
1009800,변리사
1009900,변호사
1010000,보건교사
1010100,보건교육사
1010200,보세사
1010300,보육교사
1010400,보험계리사
1010500,보험중계사
1010600,사서
1010700,사서교사
1010800,사업용조종사
1010900,사회복지사1급
1010901,사회복지사2급
1011000,산업안전지도사
1011100,산업위생지도사
1011200,생활체육지도사
1011300,세무사
1011400,소방시설관리사
1011500,소방안전교육사
1011600,소형선박조종사
1011700,손해사정사
1011800,수산질병관리사
1011900,수의사
1012000,실기교사
1012100,아마츄어무선기사
1012200,안경사
1012300,안마사
1012400,약사
1012500,영양교사
1012600,영양사
1012601,임상영양사
1012700,요양보호사
1012800,운송용조종사
1012900,운항사
1013000,원자로조종감독자면허
1013100,원자로조종사면허
1013200,위생사
1013300,유통관리사
1013400,응급구조사
1013500,의료관리자
1013600,의무기록사
1013700,의사
1013800,의지보조기기사
1013900,일반경비지도사
1014000,임상병리사
1014100,자가용조종사
1014200,자동차운전기능검정원
1014300,자동차운전면허(1종대형)
1014302,자동차운전면허(1종특수)
1014303,자동차운전면허(2종원동기장치자전거)
1014400,자동차운전전문강사
1014500,작업치료사
1014600,전문상담교사
1014700,전문의
1014801,중등학교 정교사
1014802,초등학교 정교사
1014803,특수학교 정교사
1014804,유치원 정교사
1014900,정수시설운영관리사1급
1015000,정수시설운영관리사2급
1015100,정수시설운영관리사3급
1015200,정신보건간호사
1015300,정신보건사회복지사
1015400,정신보건임상심리사
1015500,조산사
1015600,주조사
1015700,주택관리사보
1015800,준교사
1015900,직업능력개발훈련교사
1016000,철도차량운전면허
1016100,청소년상담사
1016200,청소년지도사
1016300,치과기공사
1016400,치과위생사
1016500,치과의사
1016600,택시운전자격
1016700,통신사
1016800,평생교육사
1016900,한국어교육능력검정시험
1017000,한약사
1017100,한약업사
1017200,한약조제사
1017300,한의사
1017400,항공공장정비사
1017500,항공교통관제사
1017600,항공기관사
1017700,항공사
1017800,항공운항관리사
1017900,항공정비사
1018000,항해사
1018100,핵연료물질취급면허[감독자]
1018200,핵연료물질취급면허[취급자]
1018300,행정사
1018400,호텔경영사
1018500,호텔관리사
1018600,호텔서비스사
1018700,화물운송종사자
1018800,화재조사관
1018900,환경측정분석사
1019000,환지사
1019100,버스운전자격
1019200,재활승마지도사
1019300,어린이집원장
1019400,소방안전관리자
1019500,초경량비행장치조종자 
1019600,수산물품질관리사
1019700,전문스포츠지도자
1019800,장애인재활상담사
1019900,보건의료정보관리사
1020000,생활스포츠지도사
1020100,말조련사
2000100,가구도장기능사
2000200,가구제작기능사
2000300,가스기능사
2000400,가스기능장
2000500,가스기사
2000600,가스기술사
2000700,가스산업기사
2000800,가스용접기능사
2000900,객화차정비기능사
2001000,객화차정비산업기사
2001100,거푸집기능사
2001200,건설기계기관정비기능사
2001300,건설기계기사/건설기계설비기사
2001400,건설기계기술사
2001500,건설기계산업기사
2001600,건설기계정비기능장
2001700,건설기계정비기사
2001800,건설기계정비산업기사
2001900,건설기계차체정비기능사
2002000,건설안전기사
2002100,건설안전기술사
2002200,건설안전산업기사
2002300,건설재료시험기능사
2002400,건설재료시험기사
2002500,건설재료시험산업기사
2002600,건축구조기술사
2002700,건축기계설비기술사
2002800,건축기사
2002900,건축도장기능사
2003000,건축목공산업기사
2003100,건축목재시공기능장
2003200,건축배관기능사
2003300,건축산업기사
2003400,건축설비기사
2003500,건축설비산업기사
2003600,건축시공기술사
2003700,건축일반시공기능장
2003800,건축일반시공산업기사
2003900,건축전기설비기술사
2004000,건축제도기능사
2004100,건축품질시험기술사
2004200,경매사
2004300,계량기계기능사
2004400,계량기계산업기사
2004500,계량물리산업기사
2004600,계량전기기능사
2004700,계량전기산업기사
2004800,고분자제품기술사
2004900,고분자제품제조기능사
2005000,고분자제품제조산업기사
2005100,공업계측제어기능사
2005200,공업계측제어기사
2005300,공업계측제어기술사
2005400,공업계측제어산업기사
2005500,공업배관기능사
2005600,공업화학기사
2005700,공업화학기술사
2005800,공업화학산업기사
2005900,공장관리기술사
2006000,공정관리기사
2006100,공정관리산업기사
2006200,공조냉동기계기능사
2006300,공조냉동기계기사
2006400,공조냉동기계기술사
2006500,공조냉동기계산업기사
2006600,광고도장기능사
2006700,광산보안기능사
2006800,광산보안기사
2006900,광산보안산업기사
2007000,광산차량기계운전기능사
2007100,광산환경기능사
2007200,광학기능사
2007300,광학기사
2007400,교통기사
2007500,교통기술사
2007600,교통산업기사
2007700,굴착산업기사
2007800,귀금속가공기능사
2007900,귀금속가공기능장
2008000,귀금속가공산업기사
2008100,금속가공기술사
2008200,금속공예기능사
2008300,금속기사
2008400,금속도장기능사
2008500,금속재료기능장
2008600,금속재료기술사
2008700,금속재료산업기사
2008800,금속재료시험기능사
2008900,금속재창호기능사
2009000,금속제련산업기사
2009100,금형기술사
2009200,금형제작기능장
2009300,기계가공기능장
2009400,기계공정설계기사
2009500,기계공정설계기술사
2009600,기계설계산업기사
2009700,기계안전기술사
2009800,기계정비기능사
2009900,기계정비기능장
2010000,기계정비산업기사
2010100,기계제도기능사
2010200,기계제작기술사
2010300,기계조립산업기사
2010400,기상기사
2010500,기중기운전기능사
2010600,냉간압연기능사
2010700,농기계운전기능사
2010800,농기계정비기능사
2010900,농산식품가공기능사
2011000,농어업토목기술사
2011100,농업기계기사
2011200,농업기계산업기사
2011300,농화학기사
2011400,농화학기술사
2011500,누설비파괴검사기능사
2011600,누설비파괴검사기사
2011700,단조기능사
2011800,대기관리기술사
2011900,대기환경기사
2012000,대기환경산업기사
2012100,도로및공항기술사
2012200,도배기능사
2012300,도시계획기사
2012400,도시계획기술사
2012500,도자기공예기능사
2012600,도자기공예산업기사
2012700,도화기능사
2012800,로울러운전기능사
2012900,멀티미디어기술사
2013000,메카트로닉스기사
2013100,메카트로닉스산업기사
2013200,모우터그레이더운전기능사
2013300,목공예기능사
2013400,목공예산업기사
2013500,목재가공기능사
2013600,목재창호기능사
2013700,목재창호산업기사
2013800,목질재료기능사
2013900,무선설비기능사
2014000,무선설비기사
2014100,무선설비산업기사
2014200,문화재수리기능자
2014300,문화재수리기술자
2014400,미용사
2014500,미용장
2014600,미장기능사
2014700,발송배전기술사
2014800,방사기사
2014900,방사기술사
2015000,방사산업기사
2015100,방사선관리기술사
2015200,방사선비파괴검사기능사
2015300,방사선비파괴검사기사
2015400,방사선비파괴검사산업기사
2015500,방송통신기능사
2015600,방송통신산업기사
2015700,방수기능사
2015800,방적기능사
2015900,방적기술사
2016000,방직기사
2016100,배관기능장
2016200,배관설비산업기사
2016300,버섯종균기능사
2016400,보석가공기능사
2016500,보석감정기능사
2016600,보선기능사
2016700,보일러기능장
2016800,보일러산업기사
2016900,보일러시공기능사
2017000,보일러취급기능사
2017100,복어조리기능사
2017200,불도우저운전기능사
2017300,비계기능사
2017400,비철야금기술사
2017500,비파괴검사기술사
2017600,사무자동화산업기사
2017700,사무정보기기응용기사
2017800,사업용조종사
2017900,사진기능사
2018000,사진제판기능사
2018100,사출금형기능사
2018200,사출금형산업기사
2018300,사출금형설계기사
2018400,사회복지사1급[국가시험]
2018500,산림경영기사
2018600,산림경영산업기사
2018700,산림공학기사
2018800,산림공학산업기사
2018900,산림기능사
2019000,산림기능장
2019100,산림기술사
2019200,산림산업기사
2019300,산업기계기술사
2019400,산업안전기사
2019500,산업안전산업기사
2019600,산업위생관리기사
2019700,산업위생관리기술사
2019800,산업위생관리산업기사
2019900,상하수도기술사
2020000,생물공학기사
2020100,생사기술사
2020200,생산기계산업기사
2020300,생산자동화산업기사
2020400,석공기능사
2020500,석공예기능사
2020600,선박건조기술사
2020700,선박기계기술사
2020800,선박기관정비기능사
2020900,선박설계기술사
2021000,선반기능사
2021100,선체건조기능사
2021200,선체의장기능사
2021300,섬유가공산업기사
2021400,섬유기계기능장
2021500,섬유기계산업기사
2021600,섬유디자인산업기사
2021700,섬유제도디자인기능사
2021800,세라믹기능사
2021900,세라믹기사
2022000,세라믹기술사
2022100,세라믹산업기사
2022200,세탁기능사
2022300,소방설비기사
2022400,소방설비기술사
2022500,소방설비산업기사
2022600,소음진동기사
2022700,소음진동기술사
2022800,소음진동산업기사
2022900,수산식품가공기능사
2023000,수산양식기능사
2023100,수산양식기사
2023200,수산양식기술사
2023300,수산양식산업기사
2023400,수산제조기사
2023500,수산제조기술사
2023600,수산제조산업기사
2023700,수자원개발기술사
2023800,수질관리기술사
2023900,수질환경기사
2024000,수질환경산업기사
2024100,수치제어밀링기능사
2024200,수치제어선반기능사
2024300,스크린인쇄기능사
2024400,승강기기능사
2024500,승강기기사
2024600,승강기산업기사
2024700,시각디자인기사
2024800,시각디자인산업기사
2024900,시계수리기능사
2025000,시설원예기능사
2025100,시설원예기사
2025200,시설원예기술사
2025300,시설원예산업기사
2025400,시추기능사
2025500,식물보호기능사
2025600,식물보호기사
2025700,식물보호산업기사
2025800,식육처리기능사
2025900,식품기사
2026000,식품기술사
2026100,식품산업기사
2026200,식품제조기사
2026300,신발류제조기능사
2026400,실내건축기능사
2026500,실내건축기사
2026600,실내건축산업기사
2026700,아마추어무선기사
2026800,압연기능장
2026900,양복기능사
2027000,양복산업기사
2027100,양식조리기능사
2027200,양장기능사
2027300,양화장치운전기능사
2027400,어로기능사
2027500,어로기사
2027600,어로기술사
2027700,어로산업기사
2027800,어병기사
2027900,연삭기능사
2028000,열간압연기능사
2028100,열관리기사
2028200,열관리산업기사
2028300,열차조작기능사
2028400,열차조작산업기사
2028500,열처리기능사
2028600,염색가공기사
2028700,염색가공기술사
2028800,염색기능사
2028900,염색기능장
2029000,영림기사
2029100,영사기능사
2029200,영사산업기사
2029300,온수온돌기능사
2029400,와전류비파괴검사기능사
2029500,와전류비파괴검사기사
2029600,와전류비파괴검사산업기사
2029700,용접기능장
2029800,용접기사
2029900,용접기술사
2030000,용접산업기사
2030100,운송용조종사
2030200,운항관리사
2030300,원예종묘기능사
2030400,원예종묘기사
2030500,원자력기사
2030600,원자력발전기술사
2030700,원자력조종감독자면허
2030800,원형기능사
2030900,위생시험사
2031000,위험물관리기능사
2031100,위험물관리기능장
2031200,위험물관리산업기사
2031300,유리시공기능사
2031400,유선방송설비기능사
2031500,유선설비기사
2031600,유체기계기술사
2031700,윤활관리산업기사
2031800,응용지질기사
2031900,응용지질기술사
2032000,의류기사
2032100,의류기술사
2032200,이용사
2032300,인발기능사
2032400,인쇄기사
2032500,인쇄산업기사
2032600,인장공예기능사
2032700,일반기계기사
2032800,일반판금기능사
2032900,일식조리기능사
2033000,임산가공기사
2033100,임산가공기술사
2033200,임산가공산업기사
2033300,임업종묘기능사
2033400,임업종묘기사
2033500,임업종묘산업기사
2033700,자기비파괴검사기능사
2033800,자기비파괴검사기사
2033900,자기비파괴검사산업기사
2034000,자동차검사기능사
2034100,자동차검사기사
2034200,자동차검사산업기사
2034300,자동차정비기능사
2034400,자동차정비기능장
2034500,자동차정비기사
2034600,자동차정비산업기사
2034700,자동차차체수리기능사
2034800,자수기능사
2034900,자수산업기사
2035000,잠수기능사
2035100,잠수산업기사
2035200,전기공사기능사
2035300,전기공사기능장
2035400,전기공사기사
2035500,전기공사산업기사
2035600,전기기기기능사
2035700,전기기기기능장
2035800,전기기기산업기사
2035900,전기기사
2036000,전기도금기능사
2036100,전기산업기사
2036200,전기안전기술사
2036300,전기용접기능사
2036400,전기응용기술사
2036500,전기철도기능사
2036600,전기철도기사
2036700,전기철도기술사
2036800,전산응용가공산업기사
2036900,전산응용건축제도기능사
2037000,전산응용기계제도기능사
2037100,전산응용조선제도기능사
2037200,전자계산기기능사
2037300,전자계산기기사
2037400,전자계산기기술사
2037500,전자계산기제어산업기사
2037600,전자계산기조직응용기사
2037700,전자계산기조직응용산업기사
2037800,전자계산조직응용기술사
2037900,전자기기기능사
2038000,전자기기기능장
2038100,전자기사
2038200,전자산업기사
2038300,전자응용기술사
2038400,전자조판기능사
2038500,전파전자기능사
2038600,전파전자기사
2038700,전파전자산업기사
2038800,전파통신기능사
2038900,전파통신기사
2039000,전파통신산업기사
2039100,정밀측정기능사
2039200,정밀측정기사
2039300,정밀측정산업기사
2039400,정보관리기술사
2039500,정보기기운용기능사
2039600,정보기술산업기사
2039700,정보처리기능사
2039800,정보처리기사
2039900,정보처리산업기사
2040000,정보통신기사
2040100,정보통신기술사
2040200,정보통신산업기사
2040300,정보통신설비기사
2040400,제강기능사
2040500,제강기능장
2040600,제과기능사
2040700,제과기능장
2040800,제관기능사
2040900,제관산업기사
2041000,제빵기능사
2041100,제선기능사
2041200,제선기능장
2041300,제판기사
2041400,제포기술사
2041500,제품디자인기사
2041600,제품디자인기술사
2041700,제품디자인산업기사
2041800,조경기능사
2041900,조경기사
2042000,조경기술사
2042100,조경산업기사
2042200,조리기능장
2042300,조리산업기사
2042400,조선기사
2042500,조선산업기사
2042600,조적기능사
2042700,조적산업기사
2042800,조주기능사
2042900,조화공예기능사
2043000,종자기능사
2043100,종자기사
2043200,종자기술사
2043300,종자산업기사
2043400,주조기능사
2043500,주조기능장
2043600,주조산업기사
2043700,준설선운전기능사
2043800,중식조리기능사
2043900,지게차운전기능사
2044000,지구물리기술사
2044100,지도제작기능사
2044200,지적기능사
2044300,지적기능산업기사
2044400,지적기사
2044500,지적기술사
2044600,지적산업기사
2044700,지하수기사
2044800,지하수산업기사
2044900,지하자원개발기술사
2045000,지하자원처리기술사
2045100,직기조정기능사
2045200,직물가공기능사
2045300,차량기술사
2045400,채소재배기능사
2045500,천정기중기운전기능사
2045600,철골구조물기능사
2045700,철근기능사
2045800,철도기술사
2045900,철도동력차기관정비기능사
2046000,철도동력차기관정비산업기사
2046100,철도동력차전기정비기능사
2046200,철도동력차전기정비산업기사
2046300,철도보선기사
2046400,철도보선산업기사
2046500,철도신호기능사
2046600,철도신호기사
2046700,철도신호기술사
2046800,철도신호산업기사
2046900,철도차량기사
2047000,철도차량기술사
2047100,철도차량산업기사
2047200,철도차량정비기능장
2047300,철야금기술사
2047400,초음파비파괴검사기능사
2047500,초음파비파괴검사기사
2047600,초음파비파괴검사산업기사
2047700,축로기능사
2047800,축산기능사
2047900,축산기사
2048000,축산기술사
2048100,축산산업기사
2048200,축산식품가공기능사
2048300,축소사진기능사
2048400,측량기능사
2048500,측량및지형공간정보기사
2048600,측량및지형공간정보기술사
2048700,측량및지형공간정보산업기사
2048800,치공구설계기사
2048900,치공구설계산업기사
2049000,칠기기능사
2049100,침투비파괴검사기능사
2049200,침투비파괴검사기사
2049300,침투비파괴검사산업기사
2049400,카일렉트로닉스기능사
2049500,컴퓨터그래픽스운용기능사
2049600,콘크리트기능사
2049700,타일기능사
2049800,타출판금기능사
2049900,탐사기술사
2050000,토목구조기술사
2050100,토목기사
2050200,토목산업기사
2050300,토목시공기술사
2050400,토목제도기능사
2050500,토목품질시험기술사
2050600,토질및기초기술사
2050700,통신기기기능사
2050800,통신선로기능사
2050900,통신선로산업기사
2051000,통신설비기능장
2051100,특수도금기능사
2051200,판금산업기사
2051300,판금제관기능장
2051400,패세공기능사
2051500,패션디자인산업기사
2051600,펄프제지기능사
2051700,편물기능사
2051800,편물산업기사
2051900,평판인쇄기능사
2052000,폐기물처리기사
2052100,폐기물처리기술사
2052200,폐기물처리산업기사
2052300,포장기능사
2052400,포장기사
2052500,포장기술사
2052600,포장산업기사
2052700,표구기능사
2052800,표면처리기능장
2052900,표면처리기술사
2053000,표면처리산업기사
2053100,품질관리기사
2053200,품질관리기술사
2053300,품질관리산업기사
2053400,프레스금형기능사
2053500,프레스금형산업기사
2053600,프레스금형설계기사
2053700,플라스틱성형가공기능사
2053800,미용사(피부)
2053900,피아노조율기능사
2054000,피아노조율산업기사
2054100,한복기능사
2054200,한복산업기사
2054300,한식조리기능사
2054400,항공기관기술사
2054500,항공기관정비기능사
2054600,항공기사
2054700,항공기체기술사
2054800,항공기체정비기능사
2054900,항공사진기능사
2055000,항공산업기사
2055100,항공장비정비기능사
2055200,항공전자정비기능사
2055300,항공정비기능장
2055400,항공조종사
2055500,항로표지기능사
2055600,항로표지기사
2055700,항로표지산업기사
2055800,항만및해안기술사
2055900,해양공학기사
2056000,해양기술사
2056100,해양생산관리기사
2056200,해양자원개발기사
2056300,해양조사산업기사
2056400,해양환경기사
2056500,핵연료기술사
2056600,화공기사
2056700,화공안전기술사
2056800,화약류관리기사
2056900,화약류관리기술사
2057000,화약류관리산업기사
2057100,화약류제조기사
2057200,화약류제조산업기사
2057300,화약취급기능사
2057400,화학공장설계기술사
2057500,화학분석기능사
2057600,화학장치설비기술사
2057700,화훼재배기능사
2057800,환경기능사
2057900,정형외과전문의
2058000,정보기기기능사
2058100,정보통신응용기능사
2058200,전기소방기사
2058300,정보기능사
2058400,자동차기능사
2058500,정보통신기능사
2058600,정보처리운용기능사
2058700,전자출판기능사
2058800,정비기사
2058900,광해방지기사
2059000,고압가스냉동기능사
2059100,기계조립기능사
2059200,굴삭기운전기능사
2059300,건축기계설비기사
2059400,건축소방설비기사
2059500,웹디자인기능사
2059600,인터넷정보기사
2059700,위험물기능사
2059800,안전기사
2059900,컬러리스트기사
2060000,컴퓨터응용기능사
2060100,컬러리스트산업기사
2060200,컴퓨터활용기사
2060300,컴퓨터그래픽기능사
2060400,회계사
2060500,화훼장식기능사
2060600,배관기사
2060700,보일러기능사
2060800,반도체설계기사
2060900,사회조사분석사
2061000,식품가공기능사
2061100,소방설비기사(전기분야)
2061200,소방설비기사(기계분야)
2061300,품질경영기사
2061400,품질경영산업기사
2061500,대기기사
2061600,동물분류기사
2061700,로더운전기능사
2061900,요리기능사
2062000,원예기능사
2062100,냉동공조기계기능사
2062200,날염기능사
2062300,농수산물식품가공기능사
2062400,냉동기계기사
2062500,내선공사기능사보
2062600,노무사
2062700,토양환경기사
2062800,인터넷정보기능사
2062900,LTV수리기사
2063000,열관리기능사
2063100,정보통신운영기사
2063200,전자기능사
2063300,조리기능사
2063400,정보통신운용기능사
2063500,정보검색기능사
2063600,정보처리기술사
2063700,전기기능사
2063800,자연생태복원기사
2063900,전자기계기사
2064000,재료기사
2064100,정보운영기능사
2064200,산업정보기사
2064300,수질기사
2064400,식물분류기사
2064500,CNC밀링기능사
2064600,산업환경기사
2064700,CNC수치제어선반기능사
2064800,게임그래픽산업기사
2064900,건설기사
2065000,건축설계기능사
2065100,그래픽기사
2065200,기술사
2065300,기계기사
2065400,공조냉동기사
2065500,기계설계제도기능사
2065600,의약정보사무기사
2065700,인간공학기사
2065800,의공기사
2065900,특수트레일러
2066000,토목기술사
2066100,MOS기능사
2066200,무선통신설비기능사
2066300,무선기사
2066400,밀링연삭기능사
2066500,유선선로기능사
2066600,운용기기기능사(컴퓨터)
2066700,산업디자인기사
2066800,산림기사
2066900,실험동물기사
2067000,생산자동화기능사
2067100,컴퓨터기능사
2067200,동력차기관정비산업기사
2067300,디지털제어산업기사
2067400,일식산업기사
2067500,철도운송산업기사
2067600,측지기사
2067800,자동차진단평가기사
2067900,자동기기운용기능사
2068000,정보통신운영기능사
2068100,공유압기능사
2068200,방화안전기사
2068300,환경기사
2068500,패션머천다이징산업기사
2068600,특수용접기능사
2068700,건축조작기능사
2068800,그래픽운용기능사
2068900,공예기능사
2069000,소방전기기사
2069100,소방기술사
2069200,소방기사
2069300,CNC선반기능사
2069400,소방산업기사
2069500,소방안전기능사
2069600,수질산업기사
2069700,통신설비기능사
2069800,측량기사
2069900,측지산업기사
2070000,초음파기능사
2070100,부동산중개업
2070200,분석기사
2070300,배관기능사
2070400,자연생태보건기사
2070500,방송통신기사
2070600,전자계산기운용기사
2070700,중장비기사
2070800,자동차기사
2070900,정보기사
2071000,정비기능사
2071100,정보통신기기기능사
2071200,네트워크운영기능사
2071300,회계정보처리기사
2071400,건축전기기술사
2071500,기능장
2071600,건축설계제도기능사
2071700,금속재료기사
2071800,경비지도사
2071900,기능사
2072000,그래픽응용기능사
2072100,그래픽디자인기능사
2072200,계량기사
2072300,캐드기능사
2072400,전자정보통신기사
2072500,지형정보기사
2072600,정보운용기능사
2072700,전기통신기사
2072800,재료시험기능사
2072900,폐기물환경산업기사
2073000,용접기능사
2073100,안전기능사
2073200,안전관리기사
2073300,의장산업기사
2073400,밀링기능사
2073500,생물분류기사
2073600,승강기보수기능사
2073700,선로설비기능사
2073800,생태보건산업기사
2073900,토양기사
2074000,특수차량면허
2074100,임상심리사
2074200,정보처리환경기사
2074300,자동차전기기능사
2074400,"전기,기계기능사"
2074500,전기기사기능사
2074600,전산운용기계기능사
2074700,정보통신기기운영기능사
2074800,제도기능사
2074900,자동차산업기사
2075000,대기산업기사
2075100,컴퓨터그래픽스운영기능사
2075200,콘크리트산업기사
2075300,컴퓨터조립기사
2075400,캐드산업기사
2075500,컴퓨터응용설계기능사
2075600,금형산업기사
2075700,그래픽기능사
2075800,건축배관기사
2075900,기계설계기사
2076000,교환설비기능사
2076100,건축기계기사
2076200,건축기계설비산업기사
2076300,그린인테리어기사
2076400,고압가스기능사
2076500,건설재료기능사
2076600,한식산업기사
2076700,환경생태복원기사
2076800,화훼기사
2076900,화훼장식기사
2077000,해기사
2077100,화학공학기사
2077200,환경산업기사
2077300,화학분석기사
2077400,"라디오,TV기능사"
2077500,냉동기사
2077600,냉동공조산업기사
2077700,농림토양분석평가기사
2077800,냉동및공기정화기사
2077900,농기계기능사
2078000,품질보증산업기사
2078100,폐기물환경기사
2078200,패션산업기사
2078300,피부미용
2078400,표면처리기능사
2078500,유선통신기능사
2078600,의료기사
2078700,위험물취급관리
2078800,양식기사
2078900,양장기능사보
2079000,전화교환기능사
2079100,정보산업기사
2079200,전산응용토목제도기능사
2079300,무선통신기능사
2079400,무선통신기사
2079500,무선통신산업기사
2079600,선반보기능사
2079700,산업안전관리기사
2079800,수질기술사
2079900,회로설계기사
2080000,산업디자인기능사
2080100,건축예비기술사
2080200,고압가스안전기사
2080300,금속재료기능사
2080400,건설안전기능사
2080500,기계가공산업기사
2080600,건축기능사
2080700,공조냉동산업기사
2080800,고압가스산업기사
2080900,고압가스기능장
2081000,머시닝기능사
2081100,디자인운용기능사
2081200,도장기능사
2081300,위험물관리기사
2081400,유기농기능사
2081500,위험물기사
2081600,정보기기운영기능사
2081700,자동차기술사
2081800,정보기기기사
2081900,전산응용선반기능사
2082000,전산응용밀링기능사
2082100,지형정보기능사
2082200,전기기술사
2082300,전산응용제도기능사
2082400,정보처리산업기술기사
2082500,제과제빵기능사
2082600,측지및지형공간정보기사
2082700,컴퓨터응용기사
2082800,컴퓨터그래픽기사
2082900,컴퓨터그래픽스기능사
2083000,컴퓨터산업기사
2083100,컴퓨터운용기능사
2083200,통신기기운용기능사
2083300,토목기능사
2083400,토목안전기사
2083500,CNN선반밀링기능사
2083600,사진기사
2083700,설비기사
2083800,승강기
2083900,CNC선반정비
2084000,식품관리기사
2084100,소방설비산업기사(전기분야)
2084200,위험물산업기사
2084300,인간공학기술사
2084400,와전류기사
2084500,안전관리산업기사
2084600,정보통신기기
2084800,전자계산기조직운용기사
2084900,전산기계제도기능사
2085000,지질기사
2085100,전산회계운용기능사
2085200,전산응용설계기능사
2085300,전기전자통신
2085400,전자설비기능사
2085500,전기소방설비기사
2085600,전산회계
2085700,전자회계
2085800,전자계산기구조
2086000,정보기기산업기사
2086100,전산응용제도
2086200,전기산업기술사
2086300,폐기물기사
2086400,폐기물산업기사
2086500,프레스금형
2086700,포크레인
2086800,비뇨기과전문의
2086900,보일러기사
2087000,측량산업기사
2087100,칙염기능사
2087200,컴퓨터통신운용기능사
2087300,냉난방기능사
2087400,노업기계기능사
2087500,열관리처리기능사
2087600,위험물취급기능사
2087700,위험물처리기사
2087800,아마추어무선통신(HAM)
2087900,밀링
2088000,비파괴검사
2088100,보선산업기사
2088200,건축토목기능사
2088300,고압가스냉동기계
2088400,교원정보활용기능장
2088500,건설재료기사
2088600,건설기계기능사
2088700,화공처리기능사
2088800,품질기능사
2088900,평판제판
2089000,플라스틱사출성형기능사보
2089100,폐기물처리
2089200,PM사업관리기술사
2089300,PMI기술사
2089400,콘크리트기사
2089500,컴퓨터속기사
2089600,정보기기응용기능사
2089700,제품응용모델링기사
2089800,전산캐드운용기능사
2089900,전산응용도면기사
2090000,전산응용기능사
2090100,전산응용기계기능사
2090200,정보기기처리기능사
2090300,정보기기운용산업기사
2090400,전기기기기사
2090500,전산응용기계설계기능사
2090600,전기철도산업기사
2090700,전자기기기사
2090800,직기기능사
2090900,정보기기운용기사
2091000,전자기기산업기사
2091100,전자현미경기능사
2091200,CNC밀링
2091300,선반기계제도기능사
2091400,실크스크린기능사
2091500,소방설비산업기사(기계분야)
2091600,생태보건기사
2091700,옥외광고기능사
2091800,위험물취급산업기사
2091900,인터넷기능사
2092000,교통계획기사
2092100,공기조화기사
2092200,건축기술사업자
2092300,그래픽스운영기사
2092400,건설기계조종면허
2092500,게임그래픽전문가기사
2092600,기계설계기능사
2092700,건설공사기사
2092800,건축제도기사
2092900,도자기공예
2093000,방송통신
2093100,복어조리산업기사
2093200,보선기사
2093300,범용선반기능사보
2093400,농림토양평기관리기사
2093500,농기계수리기능사
2093600,농산식품기능사
2093700,해양기상청기사
2093800,환경보건기사
2093900,화학기능사
2094000,환경위생기사
2094100,TIQ정보기사
2094200,토목측량기능사
2094300,토목기사고급
2094400,TIQ인터넷정보기사
2094500,타워운전기능사
2094600,건축안전기사
2094700,건축철근기능사
2094800,건축토목기사
2094900,건축특급기술사
2095000,건설산업기사
2095100,건축산업안전기사
2095200,건축설비기능사
2095300,수치제어기능사
2095400,실내디자인기사
2095500,선반밀링
2095600,소방안전전기기사
2095700,산업공학기사
2095800,음향엔지니어기사
2095900,용접기사보
2096000,일반기사
2096100,유통기능사
2096200,양식기능장
2096300,이동통신산업기사
2096400,웹디자인사
2096500,전기마크용접기능사
2096600,중장비기능사
2096700,중장비정비기사
2096800,전자공학기사
2096900,전산응용산업기사
2097000,조주사
2097100,자동차정비검사기능사
2097200,전자계산기응용기사
2097300,문화재보호기술사
2097400,무선설비기술사
2097500,산업응용기사
2097600,식물치료기사
2097700,시각디자인
2097800,인터넷실무기능사
2097900,유기농업기사
2098000,영상기기기능사
2098100,운영정보기능사
2098200,원동기시공기능사
2098300,코크제로기능사
2098400,컴퓨터응용가공산업
2098500,컴퓨터기사
2098600,컴퓨터A/S기사
2098700,기계기능사
2098800,기계설비산업기사
2098900,기계산업기사
2099000,건축제도설계기능
2099100,공인세무사
2099200,철도산업기사
2099300,천정크레인기사
2099400,촬영기사
2099500,전산운영기계제도기능사
2099600,정비도금기능사
2099700,전기전자기능사
2099800,전자회로설계산업기사
2099900,전산운용기능사
2100000,재료산업기사
2100100,전자제어기능사
2100200,자동차판금기능사
2100300,전기전자기기
2100400,전산운용기계설계산업기사
2100500,전산응용건축설계기능사
2100600,전자기계운영기능사
2100700,전기공사기기기사
2100800,검사산업기사
2100900,특수무선기사
2101000,토양오염기사
2101100,무선아마추어통신사
2101200,무선산업기사
2101300,무선통신설비기사
2101400,목공기능사
2101500,발전배송기술사
2101600,비파괴기능사
2101700,발송변전기술사
2101800,비파괴(MT기능사)
2101900,산업기술사
2102000,설비보전산업기사
2102100,산업정밀기사
2102200,시공기술사
2102300,산업처리기사
2102400,생태복원기사
2102500,수질환경기술사
2102600,생산제도산업기사
2102700,승강기보조기능사
2102800,실내의장기능사
2102900,산업관리기능사
2103000,식품가공기사
2103100,건설관리기술사
2103200,구조기술사
2103300,공간및지형측량기사
2103400,공기조화냉동
2103500,공기공조기사
2103600,건축제도산업기사
2103700,가전A/S기사
2103800,경기기능기기사
2103900,건축구조기사
2104000,검색기능사
2104100,국가장수기능사
2104200,궤도장비정비기능사
2104300,공조냉동기능사
2104400,금형설계기사
2104500,유분석분석기사
2104600,위험물취급기사
2104700,음향영상기기기능사
2104800,유통
2104900,일반조립기능사
2105000,IT정보산업기사
2105100,프레스금형기사
2105200,도화산업기사
2105300,도장광고기능사
2105400,어선해기사
2105500,품질경영관리기사
2105600,품질기사
2105700,품질산업기사
2105800,인터넷상거래
2105900,인터넷검검색산업기사
2106000,유통관리기능사
2106100,자동차기관기능사
2106200,정보처리산업기능사
2106300,정밀기계기능사
2106400,전공기술사
2106500,정신보건전문간호사
2106600,제조업기능사
2106700,전산응용설계산업기사
2106800,조선설비기능사
2106900,정보처리기기기능사
2107000,전자기기운영기술사
2107100,항공정비산업기사
2107200,항공기술기능사
2107300,항공기기능사
2107400,환공정비기능사
2107500,해양산업기사
2107600,네트워크설비기사
2107700,냉동산업기사
2107800,농기계산업기사
2107900,고압가스
2108000,공사기사
2108100,건축배관기술사
2108200,기계설비기사
2108300,건축설계기술사
2108400,가스화학기능사
2108500,가스기계기능사
2108600,전자전기기능사
2108700,제품기사
2108800,정보통신설비기능사
2108900,컴퓨터응용가공산업기사
2109000,코스관리기능사
2109100,카일렉트로닉스산업기사
2109200,설비산업기사
2109300,수질관리기사
2109400,설비보전기사
2109500,산업기계전산운용제도기능사
2109600,산업기능사
2109700,선박설계기능사
2109800,선박조립기능사
2109900,소방기계설비기사
2110000,소방전기산업기사
2110100,금속구조물창호기능사
2110200,가스배관기능사
2110300,금속열처리기능사
2110400,구조기능사
2110500,금형설계기능사
2110600,전기안전산업기사
2110700,전산처리기사
2110800,자동차도장기능사
2110900,잠수산업기능사
2111000,NC선반기능사
2111100,유무선기사
2111200,인테리어기사
2111300,인쇄기능사
2111400,웹기능사
2111500,정비산업기사
2111600,출판디자인기능사
2111700,차체수리기능사
2111800,콘크리트재료기사
2112000,통신설비산업기사
2112200,기계밀링기능사
2112300,기계소방기사
2112400,가스보일러기사
2112500,식품기능사
2112600,신호전기기사
2112700,시설설비기능사
2112800,유기농산업기사
2112900,신재생에너지발전설비기능사(태양광)
2113000,전자부품장착산업기사
2113100,전기건축기술사
2113200,지반및지질기술사
2113300,컴퓨터그래픽스운용기사
2113400,통신산업기사
2113500,화학가스기사
2113600,해양기사
2113700,교통사고처리기술사
2113800,사고처리기능사
2113900,인간관리기사
2114000,위험물처리기능사
2114100,LT기사
2114200,TEM기사
2114300,실내건축설계기능사
2114400,전산응용토목제도기사
2114500,전산회계기능사
2114600,수치제어밀링기사
2114700,전기기술기능사
2114800,기계산업설계기사
2115000,직업상담사
2115100,텔레마케팅관리사
2115200,의료전자기능사
2115300,동력기계정비기능사
2115400,섬유기사
2115500,철도차량정비기능사
2115600,전자상거래관리사
2115700,전자상거래운용사
2115800,게임프로그래밍전문가
2115900,게임기획전문가
2116000,정보보안기사
2116100,정보보안산업기사
2116200,스포츠경영관리사
2116300,온실가스관리산업기사
2116400,한글속기
2116500,컴퓨터활용능력
2116600,워드프로세서
2116700,화재대응능력
2116800,국제의료관광코디네이터
2116900,전자캐드기능사
2117000,압연기능사
2117100,컴퓨터응용선반기능사
2117200,어업생산관리기사
2117300,임베디드기사
2117400,정신건강사회복지사(구:정신보건사회복지사)
2117500,화재감식평가기사
2117600,신재생에너지발전설비기사
2117700,기상감정기사
2117800,멀티미디어콘텐츠제작전문가
2117900,자동차보수도장기능사
2118000,에너지관리기능사
2118100,미용사(네일)
2118200,철도토목기사
3000100,가구설계제도사
3000200,경제이해력검증시험TESAT
3000300,공무원정보이용능력
3000400,국어능력인증시헙
3000401,KBS한국어능력시험
3000500,국제금융역(CIFS)
3000600,기계설계제도사
3000700,네트워크관리사
3000800,데이터아키텍처
3000900,도로교통사고감정사
3001000,디지털정보활용능력(DIAT)
3001100,리눅스마스터(REDHATLINUX)
3001200,매경TEST
3001300,무역영어
3001400,문서실무사
3001500,병원행정사
3001600,분재관리사
3001700,브레인트레이너
3001800,빌딩경영관리사
3001801,빌딩경영사
3001802,빌딩관리사
3002000,샵마스터
3002100,수목보호기술자격
3002200,수화통역사
3002300,신용관리사
3002400,신용분석사
3002500,실용영어
3002700,실천예절지도사
3002800,여신심사역
3002900,열쇠관리사
3003000,영어회화평가시험ESPTGeneral/Junior
3003100,옥외광고사
3003200,"외환전문역I,II종(CFESI,II)"
3003300,인터넷정보관리사
3003400,자동차진단평가사자격증
3003500,금융자산관리사
3003501,은행자산관리사
3003502,종합자산관리사(IFP)
3003503,자산관리사(건물관리)
3003600,재경관리사
3003700,전산세무회계
3003800,점역교정사자격증
3003900,정보기술자격(ITQ)
3004000,정보기술프로젝트관리(IT-PMP)
3004100,정보보호전문가자격증
3004200,정보시스템감리사
3004300,조경수조성관리사
3004400,종이접기
3004500,지역난방설비관리사
3004600,컴퓨터운용사
3004700,패션스타일리스트
3004800,한국실용글쓰기검정
3004900,한국영어검정
3005100,한자.한문전문지도사
3005200,한자·한문지도사
3005500,한자능력급수자격증
3005501,상공회의소한자
3005502,실용한자
3005503,한국한자검정
3005504,한자급수인증시험
3005505,한자급수자격검정
3005506,한자능력자격
3005507,한자실력급수
3005508,한자어능력
3005900,한자한문학습지도사
3006000,행정관리사
3006100,회계관리
3006200,CRA(신용위험분석사)
3006300,CSLeaders(관리사)/CS리더스(관리사)
3006400,"ERP,EDI정보관리사"
3006401,ERP물류정보관리사
3006402,ERP생산정보관리사
3006403,ERP인사정보관리사
3006404,ERP회계정보관리사
3006800,e-TestProfessional
3006801,전산E테스트
3006900,FLEX독일어(듣기/읽기)
3007000,FLEX러시아(듣기/읽기)
3007100,FLEX스페인어(듣기/읽기)
3007200,FLEX영어(듣기/읽기)
3007300,FLEX일본어
3007400,FLEX중국어
3007500,FLEX프랑스어(듣기/읽기)
3007600,GTQ(그래픽기술자격)
3007800,MATESpeaking
3007900,MATEWriting
3008100,PC활용능력평가시험(PCT)
3008200,PCMater
3008201,pc정비사
3008202,PCMaster(정비사)
3008400,YBM商務漢檢
3008500,TOPCIT
3008600,공정데이터분석사
3008700,방과후아동지도사
3008800,SMAT(서비스경영자격)
3008900,IPAT(지식재산능력시험)
3009000,IT Plus(IT+)
3009100,반려견스타일리스트
3009200,"AT(Accounting Technician, FAT, TAT)  "
3009300,인지활동지도사
4000100,영어회화자격증
4000101,(영문)CELP:JC-TOEP/(국문)실용영어회화자격증
4000102,(영문)CELP:YC-TOEP/(국문)초등영어회화자격증
4000200,기계식주차장검사원
4000300,영어논술자격증
4000301,(영문)J-TOED/(국문)쥬니어영어논술자격증
4000302,(영문)PC-TOED/(국문)초등영어논술자격증
4000303,(영문)S-TOED/(국문)시니어영어논술자격증
4000304,(영문)TOED/(국문)영어논술자격증
4000305,(영문)Y-TOED/(국문)중등영어논술자격증
4000400,항공경비요원
4000500,salesforce
4000600,산학협력단코디네이터
4000700,특허정보검색사
4000800,6시그마
4000801,6시그마전문가BB(Black-Belt)
4000802,6시그마컨설턴트(MasterBlack-Belt)
4000803,6시그마프로젝트자격인증
4000804,6시그마전문가
4000805,6시그마BlackBelt
4000806,6시그마GreenBelt
4000807,6시그마WhiteBelt
4000900,보험대리점
4001000,유해화학물질관리자
4001100,장비수리자격
4001200,무정전자격증
4001300,officeautomation
4001400,수출상담회특화통역자격증
4001500,카티아메카니컬디자인스케셜리스트
4001600,가구페인팅아티스트
4001700,아동요리지도사
4001701,바이블아동요리지도자
4001702,아동요리교육지도사
4001703,아동요리지도자
4001704,아동요리지도자강사
4001705,한국아동요리지도자격증
4001706,어린이요리교육지도사
4001800,가베 교육지도사
4001801,가베요리지도자
4001802,가베지도사
4001803,가베지도사자격증
4001804,가베지도자
4001805,수학가베지도사
4001806,어린이가베지도사
4001807,프뢰벨가베교육사
4001900,군화학장비조작
4002000,청력정도관리
4002100,노래지도사
4002101,가요전문지도사
4002102,노래교실지도사
4002200,예절교육지도사
4002201,가정의례지도사
4002202,예절교육지도자
4002203,예절자격증
4002204,예절지도사
4002205,예절지도사자격증
4002206,전통예절지도사
4002207,청소년예절지도사
4002300,가족상담사
4002301,가정행복설계사
4002302,가족복지상담사
4002303,가족상담지도사
4002304,가족코칭지도사
4002305,패밀리카운셀러
4002306,가족폭력상담사
4002400,PA지도사
4002500,써티(Certification)
4002600,폐활량정도관리
4002700,칼텐본
4002800,Adobepremierecs5
4002900,가치관리(VE)자격증
4002901,VE(가치관리)전문가자격증
4003000,장례지도관리사
4003001,가톨릭상장례지도사
4003002,상장례전문지도사
4003003,장례관리사
4003004,장례전문지도사
4003005,장례지도사
4003006,장례지도사자격증
4003007,장의지도사
4003100,간병사
4003200,감성커뮤니케이션스킬
4003300,개인정보관리사(CPPG)
4003301,개인정보취급사(CPPF)
4003400,걷기지도사
4003401,건강걷기지도자자격증
4003402,보행지도사
4003500,건강보험사무관리사
4003600,건강보험청구사
4003601,건강보험청구심사자격증
4003602,치과건강보험청구사
4003700,운동지도사
4003701,건강운동지도사
4003702,스포츠트레이너
4003703,아동청소년건강체육지도사
4003704,운동관리전문지도사
4003705,일반운동지도사
4003800,웃음지도사
4003801,건강웃음지도사
4003802,국제웃음지도자
4003803,글로벌웃음지도사
4003804,레크웃음양육사
4003805,사회복지웃음지도사
4003806,실버건강웃음지도사
4003807,웃음실버체육지도사
4003808,웃음운동지도자
4003809,웃음지도자
4003810,웃음코디네이터
4003811,웃음코칭지도사
4003812,웃음코칭지도자
4003813,웃음행복지도자
4003814,웃음행복코치자격증
4003815,웰빙웃음지도사
4003816,행복웃음코디네이터
4003817,웃음체력관리지도사
4003900,체조지도사
4003901,건강체조지도사
4003902,덩더꿍체조지도자
4003903,신바람건강체조지도자
4003904,실버기체조지도자
4003905,실버웃음체조지도자
4003906,유아국악지도사
4003907,웃음체조지도자
4004000,건물종합관리사
4004100,건설VE전문가자격증
4004200,건설사업관리전문가
4004201,건설사업관리사
4004202,건설사업관리전문가(CMP)
4004203,건설사업관리전문가(PCM)
4004500,검도지도사
4004501,전통검도지도사
4004502,해동검도지도사
4004503,휘초타지도사
4004504,휘초타검도지도사
4004600,결혼상담관리사
4004601,결혼관리사
4004602,결혼상담관리사자격증
4004603,결혼정보관리사
4004604,국제결혼설계사
4004605,웨딩플래너
4004900,결혼이민자통번역능력인증
4004901,결혼이민자통번역능력인증(몽골어)
4004902,결혼이민자통번역능력인증(베트남어)
4004903,결혼이민자통번역능력인증(중국어)
4005300,경봉술자격증
4005400,경영진단사
4005500,경호
4005501,경호(보안)실무사
4005502,경호관리사
4005503,경호무술
4005504,경호사자격증
4005505,경호요원
4005506,경호요원지도사
4005507,경호원자격증
4005508,경호지도사
4005509,특수경호사
4005510,특수경호실무사
4006500,골프지도
4006501,골프경기지도사
4006502,골프매니저
4006503,골프지도사
4006600,골프그린키퍼
4007100,골프캐디
4007200,골프피팅사
4007300,인테리어
4007301,공간인테리어디자이너
4007302,인테리어코디네이트
4007303,인테리어공사
4007304,인테리어필름래핑사자격증
4007305,조명인테리어디자이너
4007306,실내디자이너
4007400,공예및아트
4007401,공예아트전문가
4007402,가죽공예아티스트
4007403,규방공예지도자
4007404,수공예예술양초공예사
4007405,알공예자격증
4007406,인형공예자격증
4007407,조각천침선공예사
4007408,칠보공예아티스트
4007409,초콜릿공예자격증
4007410,CA공예자격증
4007500,한자.한문능력인증
4007501,공용한자
4007502,국제한자급수
4007503,실용한자장려
4007504,인문사회한자
4007505,지식기반한자자격검정
4007506,한국한자어능력인증시험
4007507,한문능력
4007508,한자·한문활용능력급수시험
4007509,한자읽기능력급수시험
4007510,한중상용한자능력검정
4007600,공익시설경비사
4007700,공작기계절삭가공사
4007800,과학요리지도자
4007900,관리회계컨설턴트
4008000,광통신
4008001,광통신사
4008002,광통신설비관리사
4008200,교류분석상담(지도)사
4008201,교류분석상담사
4008202,교류분석임상지도사
4008203,T.A교류분석상담지도사
4008400,교육기능성보드게임지도자
4008500,북아트 교육 및 지도
4008501,교육북아트지도사
4008502,북아트
4008503,북아트지도사
4008504,북아트교육지도사
4008505,북아트자격증
4008506,북아트지도사
4008507,북아트지도사자격증
4008508,북아트지도자자격증
4008509,북아트활용
4008510,북아트활용지도사
4008511,어린이북아트
4008512,어린이북아트지도사
4008513,어린이북아트지도사자격증
4008514,역사논술팝업북아트지도자
4008515,역사북아트지도사
4008700,교육연극지도사
4008900,교통사고분석사
4009000,구매관리사
4009100,구매자재관리사
4009200,궁도지도
4009201,국궁지도사자격
4009202,궁도지도사
4009300,국악교육및실기지도
4009301,국악교육사(무용)
4009302,국악교육사(민요)
4009303,국악교육사(사물)
4009304,국악교육사(정가)
4009305,국악교육사(판소리)
4009306,국악교육지도자격
4009307,국악사
4009308,국악실기지도사
4009309,국악실기지도사(가야금병창)
4009310,국악실기지도사(경기민요)
4009311,"국악실기지도사(단소,대금)"
4009312,국악실기지도사(사물놀이)
4009313,국악실기지도사(풍물)
4009314,국악실기지도사(해금)
4009315,국악지도사
4009316,민속국악교육지도사
4009317,실버국악실기지도사
4009318,아동국악실기지도사
4009319,유아국악지도사
4009320,한국음악지도사(아동국악)
4010800,국어능력인증
4010801,국어문장사
4010802,국어어휘능력
4010803,기초국어능력인증시험
4010804,한국어어휘활용능력급수인증자격
4010805,한자혼용국어실력
4010806,KLT한국어레벨테스트
4010807,KLPT한국어능력시험
4010808,KLPY
4011100,국제무역
4011101,국제농식품무역사
4011102,국제무역사
4011300,수학교육및지도
4011301,국제수학지도사
4011302,놀이수학지도사
4011303,사고력활동수학지도사
4011304,수학지도사
4011305,창의수학지도사
4011306,초등수학지도사
4011400,수학능력인증
4011401,국제실용수학
4011402,실용수학자격
4011403,아이비테스트수리능력자격검정
4011500,영어능력인증
4011501,국제영어능력자격증(CELP)
4011502,실무영어검정
4011503,IBE-TEST국제상용영어자격검정
4011504,어린이영어회화능력검정
4011505,i-TEPS통합형영어능력검정
4011506,JET초등영어시험
4011507,SNULT영어
4011508,TEFOW영어자격
4011509,TOP말하기능력평가
4011510,요리영어(FoodEnglish)
4011511,Jr.Speaking
4011512,PELTJr.
4011513,PELTKids
4011514,PELTStandard
4011700,작명상담(지도)사
4011701,작명상담지도사
4011702,국제작명학이름상담사
4011703,성명학지도사
4011900,한자.한문지도
4011901,국제한자지도사
4011902,한문지도사
4011903,한국한자속독강사자격증
4011904,한자교육지도사
4011905,한자지도사
4011906,한자한문교육지도사
4011907,한자한문지도사
4011908,어린이한자교육지도사
4011909,한중상용한자지도사
4012200,그린홈관리사
4012300,그림책교육지도사
4012400,근로행복설계사
4012600,글로벌물류SCM컨설턴트
4012800,글쓰기지도
4012801,글쓰기독서교육지도자
4012802,글쓰기지도사
4012803,글짓기지도사
4013100,기계.시스템.전자제어
4013101,기계및시스템제어사
4013102,기계전자제어사
4013300,인명구조원
4013301,기본인명구조원
4013302,수상인명구조
4013303,수상인명구조원
4013304,인명구조요원
4013400,기술경영사
4013500,기술신용평가사
4013600,기업및기술가치평가
4013601,기업·기술가치평가사
4013602,기업가치평가사
4013603,기업가치평가사(BV)
4013604,기업가치평가사(EVE)
4014000,기업자금관리사
4014001,기업회계
4014002,기업회계능력
4014300,기질도형심리상담사
4014301,도형상담사
4014500,기획능력검정
4014600,김치지도사
4014601,김치교육지도사
4014602,김치지도강사
4014700,김치제조사
4014900,댄스(스포츠)지도사
4014901,나이트댄스지도자
4014902,댄스스포츠지도사
4014903,댄스스포츠지도사(라틴)
4014904,댄스스포츠지도사(LatinAmericanDancing)
4014905,댄스스포츠지도사(StandardDancing)
4014906,라틴댄스스포츠지도자
4014907,라틴댄스지도자
4014908,모던댄스스포츠지도자
4014909,모던댄스지도자
4014910,라인댄스지도사
4014911,라인댄스지도자
4014912,레크댄스지도사
4014913,볼룸댄스지도사
4014914,사교댄스지도자
4014915,생활댄스지도자
4014916,스윙댄스지도자자격증
4014917,실버댄스지도사
4014918,실버댄스지도자
4014919,실용무용훌라댄스지도자
4014920,훌라댄스지도자
4014921,웰빙댄스지도사(Well-beingDance)
4014922,웰빙댄스지도자
4014923,탭댄스지도자자격증
4014924,재즈댄스지도사
4014925,재즈댄스지도자
4014926,재즈댄스지도자자격증
4014927,째즈댄스지도사(JazzDance)
4014928,차밍댄스지도자자격증
4014929,창작댄스지도자자격증
4014930,파티댄스지도사(PartyDance)
4014931,힙합댄스지도자
4014932,살사댄스지도자자격증
4014933,살사지도사(Salsa)
4014934,방송댄스지도자
4015000,타악(퍼포먼스)지도사
4015001,난타특수교육사
4015002,유아난타지도사
4015003,실버타악퍼포먼스지도사
4015004,유아타악퍼포먼스지도사
4015005,타악과모듬북지도사
4015006,타악퍼포먼스지도사
4015007,타악퍼포먼스최고전문가
4015100,냅킨아트지도사
4015101,넵킨아트
4015200,울펠트공예자격증
4015201,네츄럴펠트자격증
4015202,펠트공예
4015203,펠트공예자격증
4015204,펠트자격증
4015600,노인건강(활동)지도사
4015601,노인건강운동사
4015602,노인건강운동전문지도사
4015603,노인건강체육지도자
4015604,노인복지체육
4015605,노인운동전문지도사
4015606,노인운동지도사
4015607,노인체육전문지도사
4015608,노인체육지도사
4015609,노인체육지도자
4015610,노인활동지도사
4015611,실버여가체육지도사
4015612,펀실버운동지도자
4015613,노인여가건강관리사
4016700,녹색제품관리사
4016800,녹색환경지도및관리
4016801,녹색환경지도사
4016802,녹색환경관리사
4016803,녹색환경교육지도사
4017100,논술지도사
4017101,논리논술지도사
4017102,논술토론지도사
4017103,독서논술전문지도사
4017104,독서논술지도사
4017105,독서논술코칭지도사
4017106,몬테쏘리독서논술지도사
4017107,역사논술지도사
4017108,중등논술지도사
4017109,중등통합논술지도사
4017110,NIE통합논술지도사
4017111,하브루타독서논술지도사
4017112,하브루타지도사
4017400,놀이상담(교육)사
4017401,놀이상담사
4017402,놀이상담전문가
4017403,놀이심리사
4017404,놀이심리상담사
4017405,특수놀이심리사
4017406,발달놀이교육사
4017407,특수발달놀이교육사
4017900,농어촌개발컨설턴트
4018000,체험학습지도사
4018001,농촌체험학습지도사
4018002,문화유산체험학습지도사자격증
4018003,체험학습강사(역사문화)
4018004,체험학습명품지도사
4018100,두뇌교육및계발
4018101,뇌교육사
4018102,뇌상담사
4018103,두뇌계발학습지도사
4018104,두뇌운동전문지도자
4018300,뉴디터자격증
4018400,다도교육및지도사
4018401,다도교육지도사
4018402,다도교육지도자
4018403,다도사범자격증
4018404,다도지도사
4018405,다예사자격증
4018800,다문화가정복지상담사
4019100,다우징수맥탐사
4019200,다이어트댄스지도
4019201,다이어트댄스지도사(DietDance)
4019202,다이어트댄스지도자
4019400,다중지능평가사
4019500,닥종이공예
4019501,닥종이아티스트
4019502,닥종이인형지도사
4019800,대출중개상담사
4019900,안전교육및지도
4019901,대한민국안전명강사자격증
4019902,사회복지안전강사
4019903,아동안전관리지도사
4019904,안전강사자격증
4019905,안전교육지도사
4019906,안전지도자
4019907,펀.웃음안전강사
4019908,어린이안전지도관리사
4020000,댄스스포츠
4020001,댄스스포츠라틴(LATIN)
4020002,댄스스포츠모던(MODERN)
4020003,라틴댄스자격증
4020004,모던댄스자격증
4020005,소셜댄스자격증
4020006,실버건강댄스자격증
4020007,청소년댄스자격증
4020008,살사댄스자격증
4020009,JAZZ댄스
4020700,데쿠파주
4020701,데쿠파주지도사
4020900,도청
4020901,도감청탐색사(WIS)
4020902,도청검색사
4021000,도시정비사
4021100,도자기핸드페인팅
4021400,독서지도사
4021401,독서교육지도사
4021402,성품독서지도사
4021403,아동독서지도사
4021404,어린이독서지도사
4021405,북라이크독서지도사
4021406,유아독서지도사
4021500,독서능력검정
4021501,독서논술능력급수증
4021502,독서능력검정급수
4022000,독서상담
4022001,독서상담사
4022002,독서심리상담사
4022003,독서심리지도사
4022004,독서코칭지도사
4022005,독서치료사
4022400,동양철학
4022401,동양오술사
4022402,"동양운명철학사(명리학,성명학,관상학,풍수지리학,마"
4022403,동양철학상담지도사
4022700,동화구연
4022701,동화구연지도자자격증
4022702,동화구연사자격증
4022703,동화구연실기지도사
4022704,동화구연자격증
4022705,동화구연지도사
4022706,동화구연지도사자격증
4022707,동화구연지도자
4022708,영어동화구연지도사
4022709,한울동화구연지도사
4023600,드레스인형자격증
4023800,디자인코디네이터
4023900,디지털영상편집
4024000,디지털포렌식전문가
4024100,라이프코치
4024101,라이프코칭지도사
4024102,생활경제라이프코치
4024103,실버라이프코치
4024104,아동청소년라이프코치
4024105,주니어라이프코치
4024106,한국라이프코치자격증
4024107,SW라이프코치
4024700,러닝지도자
4024800,레몬트리디자인폼패브릭강사
4024900,레크리에이션
4024901,레크&이벤트MC
4024902,레크레이션지도사
4024903,레크리에이션지도자자격증
4024904,레크리에이션지도사
4024905,레크리에이션지도자
4024906,레크리에이션지도자자격증
4024907,복지레크리에이션지도사
4024908,사회복지레크레이션
4024909,신바람레크레이션지도자
4024910,노인복지레크리에이션
4024911,실버레크리에이션지도자
4024912,실버웃음레크레이션지도자
4024913,웃음레크레이션지도자
4024914,웃음레크레이션지도사
4024915,웃음레크전문강사
4024916,유아레크레이션
4024917,유아레크리에이션지도사
4024918,유아레크리에이션지도자
4024919,유아아동레크리에이션
4024920,펀레크리에이션지도자
4024921,치료레크리에이션
4024922,유아레크리에이션
4024923,실버레크리에이션자격증
4025800,레포츠지도자
4025900,로봇자격증
4025901,로봇기술자격증
4025902,로봇마스터자격증
4025903,지능형로봇
4026100,리더십지도사
4026101,리더스피치지도사자격증
4026102,리더십스피치지도사
4026103,리더십안전강사
4026104,리더십지도사자격증
4026105,리더십지도자
4026106,어린이리더십강사
4026107,이순신리더십강사자격증
4026108,정주영리더십강사자격증
4026109,청소년리더십
4026110,펀리더쉽지도자
4026111,펀리더십지도사
4026112,펀리더십지도자
4026113,VIP리더십지도사
4026114,글로벌리더쉽능력자격증(GLTE)
4026115,서희협상리더쉽강사
4026700,리딩아트
4026701,리딩아트지도사
4026702,리딩아트카운슬러
4026900,리모델링사업관리사(RMP)
4027000,리본공예
4027001,리본공예 자격증
4027002,리본공예아티스트
4027003,리본공예지도사
4027004,리본아트
4027005,리본아트지도사
4027500,마술교육지도사
4027501,영어마술지도자
4027600,마인드월드교육지도사
4027700,마인드프로세서
4027800,마케팅조사분석사
4027900,마케팅관리사
4028000,마케팅기획전문가
4028100,마케팅지도사(MC)
4028200,마필관리지도자자격증
4028300,막걸리소믈리에
4028400,부모교육지도사
4028401,맘코치자격증
4028402,부모교육지도자
4028403,부모코치
4028404,아버지학교지도사
4028405,부모력성장지원가
4028406,부모상담지도사
4028407,어머니학교지도사
4028500,매너코칭지도자
4028700,멀티미디어
4028800,메이킹북교육지도자
4028900,멘토링지도사
4029000,명강사자격증
4029100,명리학교육강사
4029200,명화요리지도자
4029600,모래놀이상담
4029601,모래놀이상담사
4029602,모래놀이상담전문가
4029603,모래놀이심리상담사
4029900,모바일로보틱스
4030000,목공지도사
4030100,목욕관리사
4030200,목조건축기술자격증
4030300,목조주택검사원
4030400,몬테소리 교육(지도)사
4030401,몬테소리교육지도사
4030402,몬테소리지도사
4030403,몬테쏘리교육사
4030404,영아몬테소리교육사
4030405,유아몬테소리교육사
4030406,한국몬테소리교육사
4030800,무기술지도자
4030900,무대분장사
4031000,무선인터넷관리사
4031100,문예교육지도사
4031200,문인화지도사
4031300,문제행동상담지도사
4031400,문학적프로젝트지도사
4031500,문해교육사자격증
4031600,문화복지사
4031601,문화복지사자격증
4031800,문화선교사자격증
4032000,물류지도사자격증
4032100,미니탭활용능력
4032200,미술심리상담
4032201,미술심리
4032202,미술심리상담사
4032203,미술심리지도사
4032204,미술정서인지상담사
4032205,아동미술심리상담사
4032206,아동미술심리상담사
4032207,아동미술심리지도사
4032208,임상미술심리사
4032209,임상미술심리상담사
4032210,향기나무북아트심리지도사
4032211,종이미술심리지도사
4032700,민간자격관리사
4032800,민간자격환경평가사
4032900,민간조사사(PIA)
4033100,민화지도사
4033200,바둑능력인증
4033201,바둑급증
4033202,바둑단증
4033400,바둑지도
4033401,바둑지도자
4033700,발달상담사
4033701,발달심리자격증
4033702,아동발달상담사
4033703,아동발달전문가
4033800,발달운동지도사
4033900,발달장애상담(교육)사
4033901,발달장애상담사
4033902,발달장애예방교육강사
4033903,발달장애지도사
4033904,장애영유아보육교사
4034200,발달진단평가사
4034300,발레벨리댄스지도자
4034301,밸리댄스지도자
4034302,벨리댄스지도자
4034303,벨리댄스청소년
4034304,벨리댄스청소년지도사
4034305,벨리댄스자격증
4034306,벨리댄스지도사
4034307,벨리댄스지도사(BellyDance)
4034308,벨리댄스지도자
4034309,벨리댄스지도자자격증
4034310,벨리댄스특수체육지도자
4034311,실버벨리댄스지도자
4034312,실용무용벨리댄스지도사
4034313,실용무용벨리댄스지도사
4034314,실용무용트라이벌벨리댄스지도사
4034315,실용무용벨리댄스지도자
4034316,요가벨리댄스지도자
4034317,임산부벨리댄스
4034318,K.T.S벨리댄스지도자
4035900,초등방과후지도사
4035901,방과후지도사
4035902,방과후수학지도사
4035903,방과후고무찰흙지도사
4035904,방과후공예지도사
4035905,방과후교육지도사
4035906,방과후국악지도사
4035907,방과후명품지도사
4035908,방과후아동지도사
4035909,방과후아동지도사
4035910,방과후아동지도사자격증
4035911,방과후아동컴퓨터지도사
4035912,방과후아동코칭지도사
4035913,방과후영어지도사
4035914,방과후예쁜글씨지도사
4035915,방과후전문아동지도사
4035916,방과후전문지도사
4035917,방과후학교지도사
4035918,방과후학교지도자
4035919,방과후POP지도사
4035920,역사체험방과후지도사자격증
4035921,초등방과후과학지도사
4035922,초등방과후국어지도사
4035923,초등방과후머릿셈지도사
4035924,초등방과후미술지도사
4035925,초등방과후수학지도사
4035926,초등방과후영어지도사
4035927,초등방과후음악지도사
4035928,초등방과후정속독지도사
4035929,초등방과후주산지도사
4035930,초등방과후한국사지도사
4035931,초등방과후한자지도사
4035932,방과후방송연기지도사
4036300,방송디지털음악전문인
4036400,방송실기지도사
4036500,방송영상전문인
4036600,방송정보관리사
4036900,범죄예방지도사
4037000,법실무능력
4037100,베이비시터
4037200,벨리댄스공연기획가
4037700,벨리댄스안무가
4038300,병원경영및마케팅
4038301,병원경영관리자
4038302,병원경영컨설턴트
4038303,병원국제마케팅전문가
4038600,병원(서비스)코디네이터
4038601,병원서비스매니저
4038602,병원서비스코디네이터
4038603,의료서비스코디네이터
4038604,병원코디네이터
4038605,병원코디네이터 자격증
4038606,병원코디네이터자격증
4038607,병원코디네이터전문가자격증
4038608,임상연구코디네이터(CRC)
4039200,병원행정실무
4039300,병원행정실무코디네이터
4039500,보험심사
4039501,보험심사관리사
4039502,보험심사분석사
4039503,보험심사평가사
4040000,볼링지도사
4040400,부모사랑양육사
4040700,부부코치
4040701,부부행복라이프코치
4040702,부부행복라이프코칭지도사
4040703,예비부부코칭지도사자격증
4041000,북마스터지도사
4041100,북바인딩
4042100,"불어,독어,서어,노어,번역능력인정"
4042200,브랜드관리사
4042201,브랜드관리지도사
4042202,브랜드전문가
4042400,브랜드네이미스트
4042600,비즈공예자격증
4042601,비즈공예
4042602,비즈공예아티스트
4042603,비즈아트지도사
4042604,이오클래식비즈공예자격증
4043000,비트SW프로젝트자격증
4043400,사격(실무)지도사
4043500,사고력교과도형지도사
4043800,사이버학습코치
4043900,사이버포렌식조사전문가
4044000,사진지도사
4044001,사진실기지도사
4044002,사진영상지도사
4044200,금형제작사
4044201,사출금형제작사
4044202,프레스금형제작사
4044300,사회보험사
4044500,사회복지모금전문가
4044800,사회서비스관리사
4044900,행동발달교육사
4044901,사회행동발달교육사
4044902,행동치료사
4044903,국제행동분석가(BCBA:BoardCertificationBehaviorAnalyst)
4045000,산업기계정비사
4045100,산업보안
4045101,산업보안관리사
4045102,산업보안전문가(ISP)
4045103,산업보안컨설턴트(ISC)
4045400,산업전자기기제작사
4045800,삼단봉지도사
4045900,상담매니저
4046000,심리상담사
4046001,상담사
4046002,상담심리사
4046003,상담전문가
4046004,심리분석사
4046005,심리상담기법
4046006,심리상담사자격증
4046007,심리역학상담사
4046008,심리장애상담사
4046009,요리심리상담사
4046010,원예심리상담사
4046011,전문상담사
4046012,전문카운슬러자격
4046013,IDK심리상담사
4046014,한상담전문가
4046015,표현예술상담사(EAC)
4046016,교정교화상담사
4046017,인성·심리상담사자격증
4046018,노인심리상담사
4046019,MBTI
4046300,상업시설스포츠지도자
4046500,새가족양육사
4046501,새가족제자양육사
4046800,색채심리상담사
4046801,색채심리분석사
4046802,색채심리지도사
4046803,색채정서인지상담사
4046804,컬러심리상담사
4047200,생산운영관리사
4047300,생태지도사
4047301,생태프로젝트지도사
4047302,생태학습지도자
4047303,자연생태체험지도자자격증
4047500,생활건강
4047501,생활건강관리사
4047502,생활건강지도사
4047503,펀생활건강지도사
4047504,건강관리사
4047800,과학능력인증
4047801,생활과학능력(SGQ)시험
4047802,생활과학능력시험(SGQ)Junior
4047803,실용과학자격
4048100,생활안전관리사
4048200,생활역리상담사
4048300,생활요리지도사강사
4048400,서비스교육
4048401,서비스강사자격증
4048402,서비스코칭전문가
4048403,서비스(CS)교육강사
4048404,서비스강사
4048405,서비스강사자격증
4048406,서비스능력인증
4048407,서비스매니저
4048408,서비스전문강사
4048409,서비스전문강사자격인증
4048410,서비스컨설턴트
4048411,CS전문강사
4048412,CS전문강사자격증
4048413,CS중급Specialist
4048414,R
4048415,CS컨설턴트
4048416,CS코치자격증
4048417,친절서비스지도사
4049400,서비스품질전문가
4049600,선물포장
4049601,포장아트지도사
4049602,선물포장전문가
4049603,선물포장지도사
4050000,성폭력상담사
4050200,세무회계
4050201,세무회계능력
4050400,소믈리에
4050401,소믈리에자격증
4050402,와인소믈리에
4050403,꽃차소믈리에
4050404,티소믈리에
4050600,소점포관리사
4050700,소프트웨어능력인증
4050701,소프트웨어기술능력검정시험
4050702,소프트웨어설계기술인증시험
4050703,소프트웨어테스팅자격증
4050900,소프트웨어자산관리사(SM)
4051000,속독지도사
4051001,정속독지도사
4051100,손뜨개자격증
4051200,손유희자격증
4051201,손유희지도사
4051400,쇼핑몰플래너
4051600,수맥탐지사
4051601,수맥탐사지도사
4052000,수중운동전문지도사
4052001,수중운동지도자
4052400,슈피터
4052401,슈피터자격증
4052700,스쿠버다이빙
4052701,스쿠버다이빙강사
4052702,스쿠버잠수
4052703,잠수.스킨스쿠버자격증
4052704,잠수교육지도사
4052705,프리다이빙
4052900,스크랩북킹지도사
4053000,스키패트롤자격증
4053100,스타킹공예
4053101,스타킹공예강사
4053300,스텐실아티스트
4053400,스토리텔링지도사
4053500,스트레스관리(지도)사
4053501,스트레스관리사
4053502,스트레스관리지도사
4053503,스트레스관리지도자
4053504,스트레스지도사
4053505,스트레스코치자격증
4053506,직무스트레스관리사/코치
4054000,스트레칭전문지도사
4054001,스트레칭지도사
4054200,스틸하우스빌더및레이머
4054201,스틸하우스빌더
4054202,스틸하우스프레이머
4054400,스팀트랩진단사
4054500,스포츠테이핑지도자
4054700,스피치지도
4054701,스피치지도사
4054702,스피치지도사자격증
4054703,스피치토론지도사
4054704,청소년스피치(발표력)
4054705,Fun파워스피치지도자
4055000,시낭송지도사
4055100,시니어강사
4055200,신문활용교육
4055201,시니어NIE지도사
4055202,신문활용교육지도사
4055203,NIE전문지도사
4055204,NIE지도사
4055205,NIE창의논리지도사
4055300,시설물유지관리사
4055400,시스템경영관리사자격증
4055500,시스템에어컨설계시공관리사
4055600,시스템영업관리사자격증
4055700,식습관지도
4055701,식생활교육지도자
4055702,식습관코치
4055703,아동식습관지도사
4056300,신변보호사
4056400,신용상담사
4056700,실무프레젠테이션전문가
4056701,프레젠테이션
4056702,프레젠테이션마스터(PTM)
4056703,프리젠테이션능력검정
4056704,프리젠테이션스킬
4056705,프리젠테이션지도자
4056706,영어프레젠테이션
4057800,은공예
4057801,실버아트
4057802,은공예아티스트
4058700,실용무용벨리댄스심사위원자격증
4059300,손글씨지도
4059301,실용손글씨지도자자격증
4059302,어린이예쁜글씨
4059303,어린이예쁜글씨지도사
4059304,어린이예쁜손글씨지도사
4059600,실험과학지도사
4059700,심리·행동적응지도사
4059701,심리행동적응전문지도사
4060200,심리세일즈마스터
4060400,심리운동
4060401,심리운동발달전문지도사
4060402,심리운동사
4061000,인성지도
4061001,심성지도사
4061002,아동성격지도사
4061003,어린이성품전문지도사
4061004,인성교육전문지도사
4061005,인성수행능력
4061006,인성지도사
4061100,쌍절곤자격증
4061300,재활치료(운동)사
4061301,아동놀이재활교육사
4061302,재활놀이교육사
4061303,미술재활지도사
4061304,심리재활전문가
4061305,재활웃음지도사
4061306,실버재활운동사
4061307,재활레크리에이션
4061308,재활레크리에이션전문가
4061309,심리운동재활교육사
4061310,유아재활체육교육사
4061311,재활치료사
4061312,노인재활마사지
4061313,노인놀이치료사
4061314,놀이치료사
4061315,미술치료사
4061316,심리치료사
4061317,웃음치료사
4061400,놀이지도
4061401,아동놀이지도사
4061402,아동전통문화놀이지도사
4061403,유아놀이교육사
4061404,유아놀이지도사
4061405,유아아동놀이교육
4061406,유아전통문화놀이지도사
4061407,전래놀이지도사
4061408,영재놀이지도사
4061409,유아영어지도사
4061700,미술지도
4061701,아동미술전문지도자
4061702,아동미술지도사
4061703,아동미술실기지도사
4061704,아동미술아티스트
4061705,아동미술지도사
4061706,아동입체조형미술지도사
4061707,아동종이조형지도사
4061708,유아동조형미술지도사
4061709,종이조각미술지도사
4061710,우뇌계발미술학습지도사
4061711,초등미술실기지도사
4061712,영재미술지도사
4061713,실버미술지도사
4061714,실기미술교사자격증
4062600,아동보호사
4062700,아동상담
4062701,아동상담사
4062702,아동상담사자격증
4062703,아동상담지도사
4062704,아동심리상담사
4062705,아동심리상담전문가
4062706,ADHD아동상담전문가
4062707,또래상담사
4062708,특수아동상담
4063500,영어지도
4063501,아동영어지도사
4063502,어린이영어지도사
4063503,어린이전문영어지도사
4063504,아동영어Storytelling지도사
4063505,홈스쿨링영어지도사자격증
4063506,TESOL영어지도사
4063507,영어지도사
4063508,영어코칭지도사
4063509,골프영어(GolfEnglish)
4063510,초등학생영어지도사
4063511,TEE(영어전용교사)
4063512,TELF(영어교육)
4064100,아동의사소통교육사
4064700,아동청소년복지상담
4064701,아동청소년복지상담사
4064702,아동청소년복지상담지도사
4064703,아동청소년지도사
4065000,아동쿠킹플레어지도사
4065100,아동학습놀이지도사
4065101,아동학습지도사
4065102,아동학습코치
4065103,유아및아동교육지도사
4065104,지역아동교육양육사
4065105,통합아동지도사
4065400,아로마향초자격증
4065600,아웃소싱지도사
4065700,영재지도사
4065701,아이브레인영재지도사
4065702,영재전문지도사
4065703,영재지도자(비테에)
4065704,디자인창의·영재지도사
4066300,주산및암산자격
4066301,암산
4066302,암산급수
4066303,암산급수(단)자격증
4066304,암산능력
4066305,주산
4066306,주산과암산자격증
4066307,주산급수
4066308,주산급수(단)자격증
4066309,주산암산교육사
4066310,주산암산교육지도자
4066311,주산암산수학지도사
4066312,주산암산지도자자격증
4066313,주산자격검정
4066314,주산활용수학교육사
4066700,애견미용사
4066701,애견미용사자격증
4066900,양초공예
4066901,양초공예자격증
4066902,양초공예지도사
4067100,양택감정
4067101,양택감정사
4067102,양택풍수상담사
4068800,어린이음악실기지도사
4069000,중국어지도
4069001,어린이중국어지도사
4069002,중국어지도사
4069400,언론정보사
4069500,언어발달
4069501,언어발달교육사
4069502,언어발달장애지도사
4069503,언어발달지도사
4069504,언어장애전문가
4069505,언어재활교육사
4069506,언어재활지도사
4069507,다문화아동언어발달교육사
4069508,유아언어재활교육사
4069509,언어장애전문가
4069510,언어치료사
4069511,언어재활사
4069800,언어상호작용지도사자격증
4070200,에니어그램지도사
4070300,에어로빅지도사(Aerobic)
4070400,에코푸드지도자
4070500,엑셀통계분석능력검정
4070600,여가관리기획사
4070601,여가교육지도자
4070602,여가문화설계사
4070603,여가문화지도사
4070604,여가심리상담사
4071100,여행사operator실무능력
4071200,역학
4071201,역리상담사
4071202,역학교육강사
4071203,역학상담사
4071700,역설계자격증
4072000,연예인관리사(EA)
4072100,열린미술자격증
4072200,영상전문인
4072201,영상(촬영)전문인
4072202,영상(편집)전문인
4072500,영어독서지도
4072501,영어독서지도사
4072502,영어동화독서지도사
4072900,영어번역능력인정
4073300,태권도지도및능력인증
4073301,영어태권도지도사
4073302,유아태권도교육사
4073303,장애인태권도사범
4073304,재활태권도전문가
4073305,프로태권도지도자자격증
4073306,태글리쉬지도사자격증
4073307,태글리쉬단증
4073400,영업점컴플라이언스오피서(CBCO)
4073900,영화전문사
4074061,문화예술교육사
4074100,예쁜글씨팝아트지도사
4074101,예쁜글씨P.O.P레터리스트
4074102,예쁜글씨POP레터리스트
4074103,예쁜글씨POP자격증
4074104,예쁜손글씨(POP)자격증
4074105,키즈POP
4074106,POP
4074107,POP Artist
4074108,POP(손글씨디자인)
4074109,POP(예쁜글씨)아티스트
4074110,POP광고
4074111,POP디자인
4074112,POP디자인 자격증
4074113,POP디자인손글씨
4074114,POP예쁜글씨지도사
4074115,POP전문지도사
4074116,POP지도사
4074117,어린이POP지도사
4074600,예술지도사자격증
4075200,오르프지도사
4075300,오카리나지도사
4075400,와이어공예
4075401,와이어공예아티스트
4075402,이오와이어공예자격증
4075700,외국어역번역능력인정
4075800,외환관리사
4075900,요가지도
4075901,요가교육사
4075902,요가명상지도사
4075903,요가자격증
4075904,요가지도사
4075905,요가지도사(Yoga)
4075906,요가지도사자격증
4075907,요가지도자
4075908,요가지도자격증
4075909,요가지도자자격증
4075910,유아요가교육사
4075911,임산부요가지도자
4075912,키즈요가지도자자격증
4075913,키즈요가지도사
4075914,홀리스틱요가지도자격증
4075915,실버요가지도자
4075916,실버웃음요가지도자
4075917,어린이요가지도자
4075918,골프요가지도자
4075919,페이스요가지도자
4075920,핫요가지도자
4077200,풍선아트
4077201,요술풍선
4077202,풍선공예사
4077203,풍선아트지도자자격증
4077204,풍선아트자격증
4077205,풍선아트지도사
4077206,벌룬아티스트
4077207,매직풍선전문가
4077300,요퍼먼스지도자
4077500,우드POP
4077501,우드데코POP
4077502,우드피오피지도사
4077900,운동심리사
4077901,스포츠심리상담사
4078100,운수교통안전진단사
4078200,울음지도
4078201,울음지도사
4078202,울음지도자
4079900,워드실무능력
4080000,원가관리분석
4080001,원가관리사
4080002,원가분석사
4080200,원산지관리사
4080300,원예복지사
4080900,웹콜마케터
4081000,윈도우틴팅시공사
4081100,유료도로영업소관리사
4081200,유비쿼터스
4081201,유비쿼터스전문가
4081202,유비쿼터스지식능력검정
4081400,농구지도
4081401,유소년농구지도자
4081500,수영지도
4081501,유소년수영지도사
4081502,유소년수영지도자
4081503,유아수영지도사
4081700,야구지도
4081701,유소년야구지도자
4081702,유아야구지도사
4081800,인라인지도
4081801,유소년인라인지도자
4081802,유아인라인지도사
4081900,유소년축구지도
4081901,유소년축구지도사
4081902,유소년축구지도자
4081903,유아축구지도사
4082100,유아무용지도
4082101,유아·아동무용지도자
4082102,유아무용교육사
4082103,유아발레교육사
4082104,키즈영어발레지도자
4082200,유아체육지도
4082201,유아·아동체육지도자
4082202,유아체육교육사
4082203,유아체육전문지도사
4082204,유아체육지도사
4082205,유아체육지도자
4082206,유아스포츠지도사
4083600,유아비디오증후군재활전문가
4084400,운동발달
4084401,유아운동발달전문지도사
4084402,유아운동발달지도사
4084600,유아율동지도사
4084700,유아이벤트전문가
4084900,유아인지발달전문지도사
4085700,유아컴퓨터지도사
4086000,택견지도
4086001,유아택견지도사
4086002,택견지도사자격증
4086200,은행텔러(CBT)
4086300,음악실기자격(피아노연주)
4086301,재즈피아노지도사
4086302,피아노
4086303,피아노실기지도사
4086304,유아영어피아노지도자
4086305,피아노어드밴쳐전문교사
4086400,음악심리
4086401,음악심리분석사
4086402,음악심리상담사
4086403,음악심리지도사
4086404,음악정서인지상담사
4086800,음악줄넘기지도사
4086900,음향전문사
4087000,의료보험사
4087200,의료정보관리사
4087300,의학사서
4087400,이동통신관리사
4087500,이러닝교수설계사(이러닝지도사)
4087600,이미지컨설팅
4087601,이미지컨설턴트
4087602,이미지코치자격증
4087603,컬러이미지컨설턴트
4087800,이사상담사(무빙플래너)
4088200,폴리머클레이아트
4088201,이오폴리머공예자격증
4088202,폴리머클레이아티스트
4088203,폴리머클레이자격증
4088204,폴리머클레이지도사
4088800,인적자원
4088801,인재파견지도사
4088802,인적자원개발사
4088803,인적자원관리사
4088804,HRD컨설턴트
4088805,HRExpert
4089100,인터넷보안전문가
4089300,인터넷활용지도사
4089900,일본어지도
4089901,일본어강사
4089902,일본어지도사
4090000,일본어통번역사
4090001,일본어번역사
4090002,일본어통역사
4090003,일어번역능력인정
4090400,임베디드SW개발전문가
4090500,SW 테스트 전문가(CSTS: Certified Software Test Specialist)
4090900,자기주도학습관리및지도
4090901,자기주도학습지도사
4090902,자기주도학습관리사
4090903,자기주도학습지도사
4090904,자기주도학습지도사자격증
4090905,자기주도학습코치
4090906,자기주도학습코치지도사
4091500,체형관리
4091501,자기체형관리사
4091502,체형관리사
4091503,체형관리사(D.P)
4091504,체형관리운동지도사
4091505,활무도체형관리사
4091600,자동차관리사
4091700,자동차외장관리사
4091800,자동차전문유통관리사
4091801,자동차딜러자격
4091900,자동화설비제어사
4092000,자산운용지도사
4092100,자세교정사
4092300,자연주의교육예술인형전문가
4092400,자연주의교육예술전문가
4092500,자원봉사관리및지도
4092501,자원봉사관리사
4092502,자원봉사지도사
4092700,자폐증지도(교육)사
4092701,자폐스펙트럼아동지도사
4092702,자폐증재활교육사
4093800,장애인평생교육전문가
4094000,재난관리
4094100,재무설계사
4094101,재무설계사(AFPK)
4094102,소비자재무설계사
4094200,재무원가지도사
4095000,재활미술교육사
4095300,전기계측제어사
4095500,전문과외지도사
4095600,전문보험심사청구사
4096000,전통무속춤자격증
4096100,전통무예
4096101,전통무예평가사
4096102,전통무예지도사
4096300,전통물질기술자격증
4096400,전통병과지도사
4096500,전통악사자격증
4096700,전통음식사범증
4096800,전통장류제조사
4096900,전통주사범증
4097000,전통차예절
4097001,전통차예절사범증
4097002,전통차예절지도사
4097003,차도예절사자격증
4097004,차문화고전지도사자격증
4097005,차문화예절지도사
4097006,차사茶師자격증
4097007,차예절지도사
4097008,한국전통다도예절지도사
4097009,차생활자도자
4097200,전통혼례음식
4097201,전통폐백음식전문가
4097202,전통혼례음식지도사
4097500,전통활법운동지도사
4097600,클레이아트
4097601,점핑클레이
4097602,콜크클레이아트지도사
4097603,클레이사이언스지도사
4097604,클레이아트지도사
4097700,인터넷정보검색사
4097800,정보기록사
4097900,정보기술프로젝트관리사(IT-PMS)
4098000,정비사업전문관리사
4098300,정책분석평가사
4098400,제병관리사
4098500,제조품질전문가
4098700,조달계약사
4098900,종이공예
4098901,골판지공예자격증
4098902,색지공예지도사
4098903,신문지공예지도사
4098904,종이공예아티스트
4098905,종이공예사자격증
4098906,종이공예지도사
4098907,종이장식지도사
4099400,종이접기(지도)자격증
4099401,종이접기영재지도사
4099402,종이접기자격증
4099403,종이접기지도사
4099404,종이접기지도사자격증
4099405,종이접기지도자
4099406,영어종이접기지도사
4100000,주거환경(정비)사
4100001,주거환경사
4100002,주거환경정비사자격증
4100003,주거복지사
4100300,주례전문인자격증
4101400,주얼리
4101401,주얼리마스터
4101402,주얼리코디네이터
4101600,줄넘기기능급수
4101700,중국기업상담사
4101800,중국어요리놀이지도자
4102100,중등방과후지도사
4102101,중등방과후과학지도사
4102102,중등방과후국어지도사
4102103,중등방과후수학지도사
4102104,중등방과후영어지도사
4102105,중등방과후한국사지도사
4102700,중어번역능력인정
4103000,지속경영인증사(CSO)
4103600,진로상담및지도
4103601,진로상담사
4103602,진로상담전문가
4103603,진로지도사
4103604,청소년진로지도사
4103605,청소년진로코칭지도사자격증
4103606,교육상담사
4103607,진로교육지도사
4103900,째저싸이즈지도사
4104700,茶품평사자격증
4104800,창업지도
4104801,창업보육전문매니저
4104802,창업지도사
4105200,천연비누
4105201,천연비누공예
4105202,천연비누공예자격증
4105203,천연비누아티스트
4105204,천연비누제조사
4105205,천연비누지도사
4105800,천연염색
4105801,천연염색전문강사
4105802,천연염색아티스트
4105803,천연염색전문지도사
4105804,천연염색지도사
4106200,청각관리사
4106300,청능사
4106500,청소년드림메이커
4106900,청소년자신감
4107200,청소년상담
4107201,청소년코치(청소년코칭지도사)
4107202,청소년폭력예방상담사
4109500,초크아트
4109501,초크아트지도사
4109502,초크POP
4109800,효교육
4109801,충효교육지도사
4109802,효교육지도사
4109803,효행교육지도사
4109900,취업컨설턴트
4110000,치공구제작사
4110100,친환경건축관리사
4110200,친환경상품관리사
4110400,칼라믹스
4110401,칼라믹스공예자격증
4110402,칼라믹스아티스트
4110600,캘리그라피
4110601,캘리그라피전문가
4110800,커리어코치(CareerCoach)
4110900,커뮤니케이션코치
4111000,커피바리스타
4111100,컨츄리분과(컨츄리인형)
4111200,톨페인팅지도
4111201,컨츄리분과(톨페인팅)
4111202,키즈톨페인팅지도사
4111203,톨페인팅지도사
4111300,컨택센터컨설턴트
4111600,컴퓨터패션디자인운용검정
4111700,컴퓨터미디음악지도사
4111800,컴퓨터능력인증
4111801,컴퓨터소양
4111802,컴퓨터소양인증시험
4111803,컴퓨터프로그래머
4111804,컴활용실무능력
4112200,코어(Core)트레이너
4112400,쿠키코디네이터
4112500,퀀텀에너지지도사
4112600,퀼트
4112700,목회상담사
4112701,크리스찬카운셀러
4112702,목회상담사
4113000,키즈산타전문가
4113300,키즈컨츄리
4113900,타자능력인증
4113901,타자능력평가
4113902,OTPC
4114400,테디베어기술
4114500,토퍼(TOFER)
4114700,통학차량운전
4114701,통학버스운전자격증
4114702,통학자동차운전자격증
4114703,통학차량운전자격
4115100,투검술지도사
4115200,투자평가사
4115500,특수교육(지도)사
4115501,특수교육경영사
4115502,특수발달교육사
4115503,특수발달미술교육사
4115504,특수수중운동전문지도사
4115505,특수아동교육사
4115506,특수아동전문지도사
4115507,특수아동지도사
4115508,특수아동체육교육사
4115509,특수아동학습지도사
4115510,특수아미술실기지도사
4115511,특수언어발달교육사
4115512,특수운동발달전문지도사
4115513,특수운동발달지도사
4115514,특수유아체육교육사
4115515,특수인지발달교육사
4115516,특수인지발달전문지도사
4115517,특수인지발달지도사
4115518,특수인지학습지도사
4115519,특수재활교육사
4115520,특수재활체육교육사
4115521,특수체육전문지도사
4115522,특수체육지도사
4115523,특수체육치료사
4115524,특수행동수정전문지도사
4115525,특수행동수정지도사
4118300,파티플래너
4118400,팝업아트
4118600,패브릭페인팅아티스트
4118700,패션디자이너
4118800,패션코디네이션
4118900,퍼스널쇼핑
4118901,퍼스널쇼퍼
4118902,퍼스널쇼핑어드바이저
4119100,퍼스널트레이너
4119101,퍼스널트레이너(PT)
4119300,퍼실리테이터자격인증
4119301,퍼실리테이터(FT)자격인증
4119700,경영지도
4119701,펀경영지도사
4119702,펀경영지도자
4120400,페도티스트(Pedorthist)
4120600,페이스페인팅
4120601,페이스페인팅지도자자격증
4120602,페이스페인팅자격증
4120900,펜글씨검정
4121300,편물기술자격
4121400,평생교육경영사
4121500,평생교육PDS전문가
4121700,포크댄스지도사
4121800,포크아트
4121801,포크아트아티스트
4121802,포크아트자격증
4121803,포크아트지도사
4122200,포트폴리오지도사
4122600,폼아트
4122601,폼아트지도자자격증
4122602,폼아트디자인지도사
4122603,폼아트지도사
4122604,폼인테리어지도사
4123200,푸드스타일리스트
4123300,푸드코디네이터
4123900,풍수지리
4123901,풍수지리사
4123902,풍수지리상담사
4124200,프레스플라워자격증
4124500,프로젝트지도사
4125100,플라스틱사출성형기술자격
4125200,플라워디자이너
4125201,플라워디자인지도사
4125202,플로럴컬러리스트
4125500,플롯실기지도사
4125800,피트니스코디네이터
4125900,필라테스지도자
4126000,학교폭력예방및상담
4126001,학교폭력상담사
4126002,학교폭력예방교육사
4126003,학교폭력예방전문강사
4126300,학습지도사
4126301,학습.성격지도전문가자격증
4126302,학습관리사
4126303,학습상담사
4126304,학습전문코치
4126305,학습코치자격인증
4126306,학습코치자격증
4126307,학습코칭지도사
4126308,학습CARE교육사
4126309,PTC학습지도사
4127300,한국무용실기지도사
4127301,한국무용지도사
4127500,韓國史한국사지도사
4127700,한국어교육및지도
4127701,한국어강사
4127702,한국어어휘활용능력교육지도사
4127703,한국어지도사
4127704,한글지도사
4128300,한국포앤데
4128900,한복전문침선사
4129100,한식메뉴개발사
4129200,한옥관리사
4130300,한지공예
4130301,고지공예지도사
4130302,전통한지공예사
4130303,지공예지도사
4130304,지승공예지도사
4130305,지호공예지도사
4130306,한지공예자격증
4130307,한지공예지도사
4130308,한지그림지도사
4130309,한지생활공예자격증
4130310,한지플라워공예자격증
4130800,합기도지도
4130801,합기도지도사
4130802,합기도지도자
4131200,해킹보안전문가
4131300,핸들러
4131301,핸들러자격증
4131700,행복을열어가는詩지도사
4131800,행복컨설턴트
4131900,행정정보사
4132100,헬스휘트니스전문지도자(AT)
4132200,현대인형지도사
4132300,호스피스전문봉사자
4132400,호신술지도
4132401,호신술강사
4132402,호신술지도사
4132700,홀리스틱유아코칭
4132800,홈네트워크관리사
4132801,홈네트워크운용관리사
4133100,홈패션
4133101,홈패션자격증
4133102,홈패션아티스트
4133400,화랑도지도사
4133500,환경관리지도사
4133800,효상담사
4134000,훈련사
4134001,훈련사자격증
4134500,휘타구지도사
4134600,휴게소관리사
4134800,C++프로그래머
4134900,C프로그래머
4135100,CCAKorea자격증
4135200,CCM지도사
4135300,CNC기계절삭가공사
4135400,COMPLAIN처리전문가
4136100,EAP전문가자격증
4136200,e-HR지도사
4136300,EM환경지도사자격증
4136400,독일어능력인증
4136401,SNULT독일어
4136402,ZD독일어능력시험
4136403,TestDaF(독일어능력인증시험)
4136600,러시아어능력인증
4136601,SNULT러시아어
4136602,TORFL러시아어자격시험
4136800,스페인어능력인증
4136801,SNULT스페인어
4136802,DELE스페인어자격능력시험
4137200,일본어능력인증
4137201,SNULT일본어
4137202,SJPT
4137204,JAPT(일본어)
4137400,중국어능력인증
4137401,TSC중국어말하기시험
4137600,프랑스어능력인증
4137601,SNULT프랑스어
4138200,IBSE
4138300,ICPI
4138500,IFRS관리사
4138700,Java프로그래머
4138701,JSP
4138900,jobEQ컨설턴트
4139200,KAC/KoreaAssociateCoach
4139400,KPC/KoreaPro-Coach
4139600,LuckConsultingCoach
4139700,M&A
4139701,M&A매니저
4139702,M&A지도사
4139703,M&A컨설턴트
4140000,M-Commerce관리사
4140100,NetworkMaster(관리사)
4140500,NLP
4140501,NLP(Neuro-LinguisticProgramming)전문가
4140502,NLP상담사
4140503,NLPCoach자격증
4142300,PR전문가
4142400,PSM(PerfectSalesMaster)
4142600,RFID
4142601,RFID관리사
4142602,RFID기술자격검정
4142603,RFID컨설턴트
4142900,SatiMaster
4143800,SW품질관리사
4144300,TOCT
4144500,USN기술자격검정
4144800,VisualMerchandising
4144900,전도사
4145000,바텐더자격증
4145100,투자상담사
4145101,파생상품투자상담사
4145102,간접투자상담사
4145103,일인투자상담사
4145104,부동산펀드투자상담사
4145105,펀드투자권유자문인력
4145200,음악치료사자격증
4145300,"국외인술자자격증(TC,OTE)"
4145301,TC(해외인솔자격증)
4145302,OTE국외인솔자자격증
4145303,국외여행인솔자
4145304,여행기획사
4145400,목회자 자격증
4145500,자산운용사
4145501,RFM(일반운용전문인력/펀드매니저)
4145502,투자자산운용사
4145503,펀드매니저(일반운용전문인력)=
4145600,철도교통안전관리사
4145610,철도안전전문기술자
4145700,보디빌딩
4145800,소비자업무전문가(소비자전문상담사)
4145900,네일아트
4146000,메이크업아티스트
4146100,비서
4146200,무술
4146300,윈드서핑
4146301,윈드서핑지도자
4146400,두피모발관리사
4146401,두피자격증
4146500,한국어교원자격증
4146600,방환관리사
4146700,유아관련
4146800,OS관련자격증
4146900,태권도심판
4147100,실기미술교사자격증
4147200,사범지도자
4147300,스포츠마사지
4147400,동물윤리위원회
4147500,복지사
4147501,케어복지사
4147502,노인복지사자격증
4147503,가정복지사자격증
4147600,제3보험
4147700,건강가정사
4147800,테니스심판
4147900,영아전담
4148000,우슈
4148100,유전체분석사
4148200,BKA Level 대한배드민턴협회(국내 배드민턴 심판 자격)
4148300,배구심판
4148400,수렵면허
4148500,합기도단증
4148600,CEM(전시전문기획사)
4148700,펀드판매사(펀드판매인력)
4148800,파워포인트
4148900,성상담전문가교육
4149000,주택상담사
4149100,코디네이터
4149200,한국사능력검정
4149300,사물놀이자격증
4149400,경시지도사
4149500,약용식물관리사
4149600,피칭프로자격증
4149700,외국어능력
4149800,설치
4149900,컴퓨터
4150000,QDA정량묘사분석사
4150100,어학자격증
4150200,주니퍼
4150300,유도
4150400,ALU
4150500,글짓기지도자격증
4150600,포토샵
4150601,일러스트포토샵
4150602,ACA포토샵
4150603,일러스트스페셜리스트
4150604,kips포토샵
4150700,MR(제약관련)
4150800,기독교교육
4150900,비쥬얼산업기사
4151000,수상안전관리자
4151100,특허검색사
4151200,성형기사
4151300,지도자자격증
4151400,KORAS인증기술
4151500,CDCS
4151600,조사요원
4151700,운영전문인력
4151900,축구심판
4152000,고령치매치료자격증
4152100,보험관리사
4152101,보험판매인
4152102,FC
4152103,생명보험판매사
4152104,보험설계사
4152105,보험판매관리사
4152106,변액보험판매관리사
4152200,보육시설장자격증
4152300,원예치료사
4152400,AKLU(언더라이팅)
4152600,수영심판
4152900,MCITP
4153000,대한사회교육원
4153100,아로마테라피관리
4153200,NLCID
4153300,보트
4153400,경락
4153500,홈페이지관리사
4153600,PCNA
4153700,OCFF(IT벤더)
4153800,아쿠아로빅
4153900,영유아문학
4154000,수상동력
4154100,수익증권투자방법
4154101,증권투자상담사
4154200,발도로프(인형)강사
4154400,MACS
4154600,신용장전문가
4154700,동물간호복지사
4154800,식품위생관리사
4154900,법무관리사
4155000,배구기술지도자격증
4155200,스쿼시경기지도사
4155300,발관리(발마사지)
4155400,음악CD제작
4155500,체육실기교사
4155700,전산응용건축재료기능사
4155800,무도
4155900,산업짐수기능사
4156000,스키준지도원자격증
4156100,CA강사
4156200,크레인검사원
4156400,패러글라이딩
4156500,훈육지도자격증
4156600,중요무형문화재
4156700,탁구심판
4156800,조향사
4156900,디자인실기교사
4157000,애완동물관리사
4157100,RTQ
4157200,범죄심리사
4157300,ADHD아동상담전문가
4157400,한약재품질관리사
4157500,제약영업
4157600,송전전기원
4157601,송전활선원
4157700,치료레크리에이션
4157800,항공면장
4157900,수지침
4158000,위험물운송자격증
4158100,리럭스마스터
4158200,트리즈
4158300,HP-CSA
4158400,ATC(오토캐드)
4158410,텍스타일캐드
4158500,진단평가사
4158600,투자권유대행인
4158700,의료공학자격증
4158800,실버라이센스지도자
4158900,산업경영
4159000,휴대폰수리자격증
4159100,재무보험자격
4159200,재산보험
4159300,목사
4159500,순수미술
4159600,경영심판자격증
4159700,고유수용성신경근촉진법(PNF)
4159800,에너지관리기사
4159900,플래쉬
4160000,스키강사
4160001,스키지도자
4160100,유아성장마사지
4160200,인터넷중독
4160201,인터넷중독전문상담사
4160202,인터넷중독예방강사
4160300,CCS(네트워크)
4160500,음악특기적성지도사
4160600,마인드맵지도자
4160700,애견훈련사
4160701,공인훈련사
4160702,애견핸들링
4160800,한약도매관리사
4160900,컴퓨터H/W관련자격
4161000,조리교사자격
4161100,기술거래사
4161200,척추교정
4161201,scoliosis(척추측만증)method
4161202,추나요법
4161203,척추교정치료사
4161204,카이로프랙틱
4161300,유아무용
4161400,농구심판
4161500,냉동시설안전관리자
4161800,TEE(영어전용교사)
4161900,스카우트지도자
4162000,손해보험취급자격
4162100,정보소양인증
4162200,바이오융합
4162300,유아레크리에이션
4162400,한약감별사
4162500,지역가치평가사
4162600,라이노3D(Rhino3D)
4162700,감리사
4162800,스포츠경영관리사
4163000,특공무술
4163100,채권관리사
4163200,JNCIS(주니퍼/외국자격증)
4163400,전기감리사
4163500,실버레크리에이션자격증
4163600,금융투자분석사
4163700,홀랜드자격증
4163800,다이어트프로그래머
4163900,품질경영시스템심사원보
4164000,국제투자분석사(K-CIIA)
4164100,검색광고전문가
4164101,오버추어(overture)전문가자격증
4164102,네이버검색광고전문가
4164300,운송현장관리
4164400,미국손해보험언더라이터(CPCU)
4164600,국회투어리스트자격증
4164700,기업자금관리사
4164800,재선기능사
4164900,용무도단증
4165000,킥복싱단증
4165100,배전기능자격증
4165200,국제인사자격증(PHR/SPHR)
4165400,국제인체측정사
4165500,ATAP
4165600,SASPMM컨설턴트
4165700,스피닝
4165701,재키스피닝
4165800,림프마사지
4165900,언어사고력지도사(중앙일보교육법인발급)
4166100,스노우보드자격증
4166200,인재파견지도사
4166300,체스자격증
4166400,수중촬영전문가자격증
4166600,장애인스포츠지도자
4166700,AHLA(미국호텔협회)호텔리어자격증
4166900,컨벤션기획사
4167000,건축초급
4167100,웹프로그래머자격(WPC)
4167200,솔리드웍스(soldidworks:CSWA)
4167300,3DMAX
4167400,"SQL전문가(SQLP,SQLD포함)"
4167401,웹프로그래머자격(WPC)
4167402,솔리드웍스(soldidworks)
4167500,컴퓨터프로그래머인증검정(CPQ)
4167501,컴퓨터프로그래머자격증
4167600,에스페란토어자격인증
4167700,호크마지도사
4167800,소셜네트워크전문강사
4167801,SNS전문강사
4167900,가정폭력지도사
4168000,게임놀이지도사
4168100,고객관리지도자
4168200,군견훈련사
4168300,대체의학지도자
4168400,경기지도자(대한체육회)
4168500,미디어교육지도사
4168600,성교육강사
4168700,아뜨리에스타
4168701,아동미술교육전문가
4168800,알콜중독상담지도사
4168900,양궁지도자
4169000,자전거교육지도자
4169100,천문지도사
4169200,마약상담사
4169300,산업조직심리사
4169400,중독상담사
4169500,실내원예조경사
4169600,실용음악강사
4169700,아마데우스클래스음악지도사
4169800,컬러리스트
4169801,컬러코디네이터
4169900,화훼장식
4169901,플로리스트
4169902,화훼장식기능사
4170000,칠공예
4170001,칠공예기능사
4170002,칠기기능사
4170100,국제회계관리사
4170101,IFRS관리사
4170200,afpc
4170300,공제모집인(상담사)
4170301,수협공제모집인
4170400,부동산경매
4170401,부동산경매분석사
4170402,부동산경매사
4170500,AKLU
4170501,생명보험 언더라이터(CKLU/AKLU/FKLU)
4170600,부동산권리분석사
4170700,회계실무사
4170800,BLS(심폐소생술)
4170801,BLSprovider
4170802,BLSinstructor
4170803,"심폐소생술(CPR, KALS)"
4170804,CPR
4170805,CPCR
4170900,공시전문인
4171000,기기분석사
4171100,보바스
4171200,산소처치강사
4171300,예술치료사
4171301,예술심리치료사
4171400,중추신경계발달재활치료
4171500,진폐정도관리
4171600,콘텍트렌즈인증자격
4171700,보조공학사
4171800,스포츠복지사
4171900,의료사회복지사
4172000,직업재활사
4172100,학교사회복지사
4172200,데코레이션(제과/제빵)
4172210,푸드카빙데코레이션
4172300,콜매니저
4172400,전기차량운전면허
4172500,tab
4172600,VMD
4172700,발관리사
4172800,스킨케어
4172900,장례메이크업
4173000,헤나
4173100,헤어컬러리스트
4173200,무대예술전문인
4173300,항공무선통신사
4173400,선수트레이너자격인증(KATA)
4173500,골프프로자격증
4173501,KPGA
4173502,PGA
4173503,골프세미프로자격증
4173600,게이트볼심판자격증
4173700,권투프로자격증
4173800,운동사(대한운동사협회)
4173900,레저관리사
4174000,래프팅가이드
4174100,밸런스테이핑
4174200,보치아심판자격증
4174300,멘탈트레이너
4174400,비만관리사
4174401,비만관리트레이너
4174500,수상스키강사
4174600,스웨디시
4174700,스포츠마사지&테이핑요법사
4174800,양궁심판자격증
4174900,태보강사자격증
4175000,공수도
4175100,운동처방사
4175200,조정면허
4175300,줄다리기심판자격증
4175400,타이마사지
4175500,ISO9001인증심사원
4175600,밸리데이션
4175700,자동차사정사
4175800,자동차전문평가사
4175900,품질관리담당자(QC)
4176000,육상무선통신사
4176100,특허기술경영사(PMOT)
4176101,특허기술경영사
4176102,특허기술관리사
4176200,마술사자격증
4176300,이벤트프로듀서
4176400,프로게이머자격증
4176500,프로젝트관리전문가(PMP)
4176600,문화관광해설사
4176601,과학해설사
4176700,화재진화사
4176800,철도운행안전관리자
4176900,일반시설장
4177000,승강기안전관리자
4177100,스포츠센터관리사
4177200,가스사용시설안전관리자
4177300,사업장안전보건강사자격증
4177400,인디자인
4177500,OHSAS18001심사원
4177600,무역관리사
4177700,문화교육사
4177800,미디어중독예방교육사2급
4177900,숲해설가
4178000,역도심판
4178100,저작권관리사
4178200,MYC피아노플래너
4178400,모델지도사
4178500,세계사지도자
4178600,영유아발달지도사
4178700,오크렐라강사
4178800,중권투자상담사
4178900,플라잉디스크4급
4179000,민간자격(비등록)/KOICA/국제개발협력전문가(일반분야/사업관리분야)/ODA
4179100,층간소음관리사
4179200,"동물매개치료사,동물심리치료사,동물심리매개사"
4179300,RHCSA
4179400,primaverabasic
4179500,의료기기RA전문가
4179600,CSTS
4179700,인지치료사
4179800,육상심판
4179801,장애인육상심판
4179900,인터넷윤리
4180000,ADSP(데이터분석준전문가)
4180100,PR어드밴처2급
4180200,HRM전문가
4180300,태권로빅
4180400,수의테크니션
4180500,FAT
4180600,ISO/ICE27001(정보보호관리체계)
4180700,푸드아트심리상담사
4180900,노후설계지도사
4181000,문예창작지도사
4181100,젤리플라워
4181200,BIM운용전문가
4181201,BIM모델러
4181300,도예심리상담사
4181400,승마지도사
4181500,특수감각통합교육사
4181600,자전거정비사
4181700,기록물관리전문요원
4181800,집중력지도사
4181900,수입관리사
4182000,기술사업화전문코디네이터
4182100,사물인터넷(IOT)능력검정
4182200,라떼아트
4182300,TTCT/창의력심리검사전문가
4182400,우쿨렐레지도자
4182401,한국유아우쿨렐레전문지도자
4182500,연구장비전문가
4182600,3D시뮬레이션실무능력자격
4182700,3D프린터운용기술자격
4182800,경영빅데이터관리사
4182900,통계적공정관리전문가
4183000,GMP기술인
4183100,외식경영관리사
4183200,방사선카운슬러
4183300,치매예방관리사
4183400,인지재활심리사
4183500,연극심리상담사
4183600,감각재활사
4183700,핸드볼심판
4183800,웨이크보드강사
4183900,테니스코칭자격증
4184000,일반심리사
4185000,생태유아교사
4186000,반려동물장례지도사
4187000,직업능력평가사
4188000,드론정비사
4188001,드론지도사
4189000,성희롱예방교육강사자격증
4190000,코딩교육전문가
4190001,코딩지도사
4191000,안전관리지도사
4192000,ISO14001내부심사원
4193000,고전머리디자인
4193100,케이크디자이너
4193200,생존수영강사
4193300,기업경영분석사(BMA)
4193400,청소년학습코칭(TLC)
4193500,세일즈매니저
4193600,동물병원코디네이터
4193700,검색광고마케터
4193800,빈야사요가지도자
4193900,여행사operator실무능력
4194000,반려동물행동교정사
4194100,3D프린팅마스터
4194200,3D프린팅전문교강사
4194300,GTQi(그래픽기술자격 일러스트)  
4194400,DCS
4194500,에어서비스리더
4194600,에어브러쉬
4194700,업스타일디렉터
4194800,유소년스포츠지도사
4194900,메르시바디필라테스지도자
4195000,가공배전전공
4195100,복지원예사
4195200,아동피아노교수법지도사
4195300,통신판매사
4195400,금융NCS
4195500,퓨전떡요리지도자
4195600,홈카페마스터
4195700,인문학지도사
4195800,예술융합교육지도사
4195900,브루마스터
4196000,이미지메이킹
4196100,유소년체육지도사
4196200,CS리더스
4196300,빅데이터전문가
4196400,뷰티분장사
4196500,SNS마케팅전문가
4196600,전산회계
4196700,반려동물관리사
4196800,뇌건강지도사
4196900,전산세무
4197000,소비트렌드전문가
4197100,화장품전문가
4197400,의학용어능력시험
4197500,의학용어능력인증
4197600,철도전기신호기능사
4197700,펀드투자상담사
4197800,변전전기원기능
4197900,베이커리위생관리사
4198000,증권투자권유자문인력
4198100,파생상품투자권유자문인력
4198200,증권투자권유대행인
4198300,마케팅전문가
4198400,생산현장관리사
4198500,식품법무실무능력
4198600,사법통역사
4198700,KLPGA(골프)
4198800,정리정돈지도사
4198900,유아숲지도사
4199000,펀드투자권유대행인
4199100,비즈니스엑셀
4199200,뉴스포츠지도사
4199300,퇴직연금제도모집인
4199400,글로벌패션MD
4199500,컴퓨터사무정보처리사
4199600,치어리딩심판
4199700,스포츠클럽치어리딩지도사
4199800,반려동물종합관리사
4199900,문화예술사
4200000,건강보험사
4200100,정리수납전문가
4200200,디지털마케팅전문가
4200300,로스팅마스터
4200400,퍼스널이미지디렉터
4200500,특허정보분석사
4200600,기능성정밀화학제품제조(NCS)
4200700,ADP(데이터분석전문가)
4200800,감각운동지도사
4200900,kgf(한국골프연맹)
4201000,검도 단증
4201100,자산관리사
4201200,비즈니스중국어시험(BCT)
4201300,3D펜코딩융합과학지도사
4201400,커피지도사
4201500,한국사급수인증
5000100,3-WIZARD
5000200,4GLDeveloper
5000300,컬러코디네이터
5000400,A+
5000500,ABAP
5000501,SAPR/3컨설턴트
5000600,ABS(선급국제용접)
5000601,FCAWQ2
5000700,ACE
5000800,ACS
5000900,ACTP
5001000,AFC(아시아축구연맹공인지도자자격)
5001100,BC2007
5001200,AICPA
5001300,AP(미국공인선물중개인)
5001400,오라클주관앱개발
5001401,Application
5001402,AppsDevR1
5001403,AppsDevR2
5001500,ESDControlEngineer/Associate
5001700,ARM(미국공인위험관리사)
5001800,AS-400
5001900,compaq주관ASE(시스템엔지니어인증)pro자격증
5001901,ASEProInternet-Intranet
5001902,ASEProOracle
5001903,ASEProSQLServer
5002200,BSCM
5002300,CambridgeFCE
5002400,CATIA
5002500,시스코네트워크운용및디자인
5002501,CCDA
5002502,CCDP
5002503,CCIE
5002504,CCNA
5002505,CCNP
5002800,CCIM(상업용부동산투자분석사)
5003100,CFA(국제재무분석사)
5003200,CFP(국제재무설계사)
5003300,CIA(국제공인내부감사사)
5003400,CIAS
5003500,CIEDI
5003600,CIIA(국제공인투자분석사)
5003700,CIP
5003800,CIRM
5003900,정보시스템감사사(Cisa)
5003901,CISA
5003902,CISA(국제공인정보시스템감사사)
5004100,CISSP(정보시스템보안전문가)
5004200,CIWAssociate
5004300,ProsoftNetGuruTechnologies주관웹마스터관련자격증
5004301,CIWA
5004302,CIWD
5004303,CIWDII
5004304,CIWEP
5004305,CIWNP
5004306,CIWSP
5004900,CLAD
5004901,CLA
5005000,CLD
5005100,CLP
5005200,CMA
5005300,CNA
5005400,CNE
5005500,CNI
5005600,compaq주관리눅스ASE(시스템엔지니어인증)자격증
5005601,Compaq/AlphaLinuxASE
5005602,Compaq-IntelLinuxASE
5005800,Consultant
5005900,CPIM
5006000,CertifiedProfessionalinSupplyManagement(CPSM)
5006100,항공예약발권자격증(CRS)
5006101,갈릴레오
5006102,항공예약발권자격증
5006103,항공사체크인카운터
5006104,DCS
5006105,토파스(topas)
5006200,CSA
5006300,CSWP
5006400,DatabaseSpecialist
5006401,DB2
5006402,MCDBA
5006600,DELF/DALF
5006700,DK
5006800,FAA(미국운항관리사)
5006900,FLMI(보험경영전문가)
5007000,FRM(재무위험관리사)
5007100,FROSIO(국제도장검사관)
5007200,HighAvailabilityandClusteringSpecialist
5007300,HPase
5007400,HPOVP-NAM
5007500,HPOVP-NWM
5007600,HPUX&NTP
5007700,HPUXP
5007800,HSK(중국어능력시험)
5007900,IAAdiploma(국제광고인자격증)
5008000,ICDL
5008100,I-NET
5008200,ISTQB
5008300,ITIL
5008400,ITSM
5008500,JAVA
5008600,JLPT(일본어능력시험)
5008601,BJT(비즈니스일본어능력테스트)
5008700,JNCIA
5008800,Juniper
5008900,LifeGuard(인명구조원)
5009000,LOTUS
5009100,LPIC
5009200,MCAD
5009300,MCD
5009500,MCNE
5009600,MCP
5009700,MCPD
5009800,MCSA
5009900,MCSD
5010000,MCSE
5010100,MCT
5010200,MCTS
5010300,MDD
5010400,MNS
5010500,"MOS(Microsoft Office Specialist,MOUS)"
5010501,파워포인트
5010502,엑셀
5010503,워드
5010504,아웃룩
5010600,NCIP
5010700,NCLEX-RN(미국간호사)
5010701,"IBHRE(International Board of Heart Rhythm Examiners, 심혈관국제 공인 자격증)"
5010800,Netfinity
5010900,NETWORK+
5011000,OCP국제공인자격증(오라클/OCA/OCP/OCM)
5011001,OCA
5011002,OCP
5011003,OCP-DBA8.0
5011004,OracleDatabaseOperator
5011005,오라클자바자격증(OCJP)
5011006,OCBCD
5011007,OCWCD
5011500,스쿠버다이빙
5011600,PMP(ProjectManagementProfessional)
5011700,Q2
5011800,RFID+
5011900,RHCE
5012000,RS-6000
5012200,SAS
5012300,SCAJ
5012400,SCAP
5012500,SCJD
5012600,SCJP
5012700,SCNA
5012800,SCSA
5012900,SCWCD
5013000,SLSA
5013100,SOA(미국보험계리사)
5013200,SQS
5013300,StorageWorksASE
5013400,SystemAdministrator
5013500,TESOL(테솔)
5013501,TYC(유아테솔)
5013502,TYL(어린이테솔)
5013600,Tivoli
5013700,TTTLFoundation
5013800,Windoows2000NTASE
5013900,acmt
5014000,act
5014100,compitia
5014101,compitia(A+)
5014102,compitia(네트워크플러스)
5014200,fcp
5014201,fcp트레이너
5014300,IBMAIX
5014301,IBMexpert
5014302,IBM관리자
5014400,MQFC
5014500,VCP
5014501,VCP-310
5014502,VCP-410
5014503,VCP4
5014600,CCNS
5014700,G-TELP
5014800,WSET
5014900,계기비행사자격증(InstrumentRating)
5015000,시데스코(CIDESCO)
5015100,중국미용사자격증
5015200,NSCA-CPT
5015300,피파에이전트자격증
5015400,CSCP
5015500,글로벌물류전문가양성과정(MPR)
5015501,CPIM_MPR
5015600,CPM(국제공인부동산자산관리사)
5015700,ASQ
5015800,SCSP
5015900,PFSO
5016000,용접검사원(CWI)
5016100,Servsafe(국제식품위생사)
5016200,EFR(국제응급처치)
5016300,NASMGFS
5016400,CADTC(캐드설계기술관리사)
5016500,IECExCoPC국제방폭자격증
5016600,EEHA국제방폭자격증
5016700,SCA바리스타
5016701,SCAECDS
5016800,AIPSIFE
5016900,DASP(데이터아키텍쳐준전문가)
5017000,TRIZ
5017100,ACU(오토데스크인벤터)
5017200,"심폐소생술(ACLS, BLS, DALS, KALS, PALS)"
5017300,AWS(AmazonWebServices)공인자격증
5017400,logicproX(애플공인인증자격증)
5017401,finalcutproX(애플공인인증자격증)
5017500,"GAIQ(Google Analytics Individual Qualification, 구글애널리틱스자격증)"
5017600,CKTT(Certified Kinesio Taping Technician)
5017700,"CFEI(Certified Fire and Explosion Investigator, 미국화재폭발조사관)"
5017800,IFPA(국제아로마테라피스트)
5017900,국제공인요가지도자(RYT)
5018000,SketchUp(TSCU/TSCP/TSCI/TSCS)
5018100,BATIC(국제회계검정)
5018200,부기검정
5018300,Tableau Desktop Specialist 
5018400,Tableau CA(Certified Associate)
5018500,VMware Certified Professional(VCP)
5018600,AWS 공인 솔루션스 아키텍트 프로페셔널(AWS Certified Solutions Architect Professional)
5018700,Avid Certified User: Pro Tools
5018800,ACA 프리미어(Adobe Certified Associate Premirere Pro)
5018900,베트남어능력시험(NLTV VNS)
5019000,NFA The Series 3 exam(the National Commodities Futures Examination)
5019100,CrossFit Level 1
5019200,API
5019300,ACSI Certification
5019400,EPTA(항공영어구술능력증명)
5019500,ACA 일러스트(Adobe Certified Associate Illustrator)
5019600,LEED AP
5019700,ACA 인디자인(Adobe Certified Associate Indesign)
5019800,"국제안전보건자격증(네보쉬, NEBOSH)"
5019900,ACSM CET(암재활치료사)
5020000,스탓필라테스
5020100,"ITT(Interpretation & Translation Test, 번역)"
5020200,NACE Certificate(도장)
5020300,SPI(초음파물리)